LSOA11Code,MSOA11Name,MSOA11NameWelsh
W01001958,Central Swansea,Canol Abertawe
W01001957,Central Swansea,Canol Abertawe
W01001956,Killay,Cilâ
W01001955,Central Swansea,Canol Abertawe
W01001954,"Radyr, Morganstown & Gwaelod-y-garth","Radur, Pentre-poeth a Gwaelod-y-garth"
W01001953,Llanishen,Llanisien
W01001952,Butetown,Tre-biwt
W01001951,Butetown,Tre-biwt
W01001950,Butetown,Tre-biwt
W01001949,Llanishen,Llanisien
W01001948,"Radyr, Morganstown & Gwaelod-y-garth","Radur, Pentre-poeth a Gwaelod-y-garth"
W01001947,Cardiff Bay,Bae Caerdydd
W01001946,Butetown,Tre-biwt
W01001945,Cardiff Bay,Bae Caerdydd
W01001944,Cardiff Bay,Bae Caerdydd
W01001943,Cardiff Bay,Bae Caerdydd
W01001942,Butetown,Tre-biwt
W01001941,Cathays South & Bute Park,De Cathays a Pharc Biwt
W01001940,Cardiff Bay,Bae Caerdydd
W01001939,Cathays South & Bute Park,De Cathays a Pharc Biwt
W01001938,Central Swansea,Canol Abertawe
W01001937,Borth & Bont-goch,Y Borth a Bont-goch
W01001936,Aberystwyth South,De Aberystwyth
W01001935,Aberystwyth South,De Aberystwyth
W01001934,Aberystwyth North,Gogledd Aberystwyth
W01001933,Tywyn & Llangelynnin,Tywyn a Llangelynnin
W01001932,Abersoch & Aberdaron,Abersoch ac Aberdaron
W01001931,Hermitage & Whitegate,Hermitage a Whitegate
W01001930,Chirk & Ceiriog Valley,Y Waun a Dyffryn Ceiriog
W01001929,Hermitage & Whitegate,Hermitage a Whitegate
W01001928,Abergele,Abergele
W01001927,Abergele,Abergele
W01001926,Llandudno Junction South & Llasanffraid Glan Conwy,De Cyffordd Llandudno a Llasanffraid Glan Conwy
W01001925,Llanelli West,Gorllewin Llanelli
W01001924,Llanelli South,De Llanelli
W01001923,Llanelli South,De Llanelli
W01001922,Cathays South & Bute Park,De Cathays a Pharc Biwt
W01001921,Broadlands,Broadlands
W01001920,Broadlands,Broadlands
W01001919,Broadlands,Broadlands
W01001918,Broadlands,Broadlands
W01001917,Tonyrefail West,Gorllewin Tonyrefail
W01001916,Church Village West,Gorllewin Pentre'r Eglwys
W01001915,Church Village West,Gorllewin Pentre'r Eglwys
W01001914,Tonyrefail West,Gorllewin Tonyrefail
W01001913,Marshfield,Maerun
W01001912,Marshfield,Maerun
W01001911,Barry East,Dwyrain y Barri
W01001910,Barry East,Dwyrain y Barri
W01001909,Abergavenny North,Gogledd y Fenni
W01001908,Caldicot South,De Cil-y-coed
W01001907,Llanfyllin & Llanwyddyn,Llanfyllin a Llanwyddyn
W01001906,Llanfyllin & Llanwyddyn,Llanfyllin a Llanwyddyn
W01001905,"Crickhowell, Llangynidr & Llangorse","Crucywel, Llangynidr a Syfaddan"
W01001904,"Crickhowell, Llangynidr & Llangorse","Crucywel, Llangynidr a Syfaddan"
W01001903,"Crickhowell, Llangynidr & Llangorse","Crucywel, Llangynidr a Syfaddan"
W01001902,Brecon,Aberhonddu
W01001901,Brecon,Aberhonddu
W01001900,Ystalyfera & Gwaun-Cae-Gurwen,Ystalyfera a Gwauncaegurwen
W01001899,Ystradgynlais & Tawe Uchaf,Ystradgynlais a Thawe Uchaf
W01001898,"Gurnos, Trefechan & Pontsticill","Gurnos, Trefechan a Phontsticill"
W01001897,Sennybridge & Talybont-on-Usk,Pontsenni a Thal-y-bont ar Wysg
W01001896,Whitchurch,Yr Eglwys Newydd
W01001895,Tongwynlais & Coryton,Tongwynlais a Coryton
W01001894,Tongwynlais & Coryton,Tongwynlais a Coryton
W01001893,Tongwynlais & Coryton,Tongwynlais a Coryton
W01001892,Whitchurch,Yr Eglwys Newydd
W01001891,Whitchurch,Yr Eglwys Newydd
W01001890,Birchgrove,Llwynbedw
W01001889,Whitchurch,Yr Eglwys Newydd
W01001888,Tongwynlais & Coryton,Tongwynlais a Coryton
W01001887,Whitchurch,Yr Eglwys Newydd
W01001886,Trowbridge,Trowbridge
W01001885,Pwll-mawr & St Mellons East,Pwll-mawr a Dwyrain Llaneirwg
W01001884,St Mellons West,Gorllewin Llaneirwg
W01001883,Trowbridge,Trowbridge
W01001882,Pwll-mawr & St Mellons East,Pwll-mawr a Dwyrain Llaneirwg
W01001881,St Mellons West,Gorllewin Llaneirwg
W01001880,St Mellons West,Gorllewin Llaneirwg
W01001879,St Mellons West,Gorllewin Llaneirwg
W01001878,Pwll-mawr & St Mellons East,Pwll-mawr a Dwyrain Llaneirwg
W01001877,Pwll-mawr & St Mellons East,Pwll-mawr a Dwyrain Llaneirwg
W01001876,Tremorfa & Pengam,Tremorfa a Phengam
W01001875,Tremorfa & Pengam,Tremorfa a Phengam
W01001874,Splott,Y Sblot
W01001873,Splott,Y Sblot
W01001872,Splott,Y Sblot
W01001871,Tremorfa & Pengam,Tremorfa a Phengam
W01001870,Tremorfa & Pengam,Tremorfa a Phengam
W01001869,Splott,Y Sblot
W01001868,Rumney,Tredelerch
W01001867,Trowbridge,Trowbridge
W01001866,Trowbridge,Trowbridge
W01001865,Rumney,Tredelerch
W01001864,Rumney,Tredelerch
W01001863,Rumney,Tredelerch
W01001862,South Riverside,De Glanyrafon
W01001861,Pontcanna,Pontcanna
W01001860,Pontcanna,Pontcanna
W01001859,Pontcanna,Pontcanna
W01001858,Pontcanna,Pontcanna
W01001857,South Riverside,De Glanyrafon
W01001856,South Riverside,De Glanyrafon
W01001855,South Riverside,De Glanyrafon
W01001854,Rhiwbina & Pant-mawr,Rhiwbeina a Phant-mawr
W01001853,Rhiwbina & Pant-mawr,Rhiwbeina a Phant-mawr
W01001852,Rhiwbina & Pant-mawr,Rhiwbeina a Phant-mawr
W01001851,Rhiwbina Village,Pentref Rhiwbeina
W01001850,Rhiwbina Village,Pentref Rhiwbeina
W01001849,Rhiwbina & Pant-mawr,Rhiwbeina a Phant-mawr
W01001848,Rhiwbina Village,Pentref Rhiwbeina
W01001847,"Radyr, Morganstown & Gwaelod-y-garth","Radur, Pentre-poeth a Gwaelod-y-garth"
W01001846,"Radyr, Morganstown & Gwaelod-y-garth","Radur, Pentre-poeth a Gwaelod-y-garth"
W01001844,Pontprennau,Pontprennau
W01001843,Pontprennau,Pontprennau
W01001842,Pontprennau,Pontprennau
W01001841,Pontprennau,Pontprennau
W01001840,Llanrumney North,Gogledd Llanrhymni
W01001839,Roath,Y Rhath
W01001838,Roath,Y Rhath
W01001837,Roath,Y Rhath
W01001836,Roath,Y Rhath
W01001835,Plasnewydd,Plasnewydd
W01001834,Plasnewydd,Plasnewydd
W01001833,Plasnewydd,Plasnewydd
W01001832,Plasnewydd,Plasnewydd
W01001831,Roath,Y Rhath
W01001830,Plasnewydd,Plasnewydd
W01001829,Plasnewydd,Plasnewydd
W01001828,Pen-y-lan North,Gogledd Pen-y-lan
W01001827,Pen-y-lan North,Gogledd Pen-y-lan
W01001826,Pen-y-lan North,Gogledd Pen-y-lan
W01001825,Pen-y-lan South,De Pen-y-lan
W01001824,Pen-y-lan South,De Pen-y-lan
W01001823,Pen-y-lan South,De Pen-y-lan
W01001822,Pen-y-lan South,De Pen-y-lan
W01001821,Pen-y-lan North,Gogledd Pen-y-lan
W01001820,"Radyr, Morganstown & Gwaelod-y-garth","Radur, Pentre-poeth a Gwaelod-y-garth"
W01001819,"Creigiau, Pentyrch & St Fagans","Creigiau, Pen-tyrch a Sain Ffagan"
W01001818,Pentwyn,Pentwyn
W01001817,Pentwyn,Pentwyn
W01001816,Pentwyn,Pentwyn
W01001815,Cyncoed North,Gogledd Cyncoed
W01001814,Llanedeyrn,Llanedern
W01001813,Llanedeyrn,Llanedern
W01001812,Llanedeyrn,Llanedern
W01001811,Pentwyn,Pentwyn
W01001810,Llanedeyrn,Llanedern
W01001809,Llanedeyrn,Llanedern
W01001808,Llanrumney North,Gogledd Llanrhymni
W01001807,Llanrumney North,Gogledd Llanrhymni
W01001806,Llanrumney South,De Llanrhymni
W01001805,Llanrumney South,De Llanrhymni
W01001804,Llanrumney South,De Llanrhymni
W01001803,Llanrumney South,De Llanrhymni
W01001802,Llanrumney North,Gogledd Llanrhymni
W01001800,Llanishen,Llanisien
W01001799,Lisvane,Llys-faen
W01001798,Thornhill,Y Ddraenen
W01001797,Llanishen,Llanisien
W01001796,Thornhill,Y Ddraenen
W01001795,Thornhill,Y Ddraenen
W01001794,Lisvane,Llys-faen
W01001793,Thornhill,Y Ddraenen
W01001792,Llanishen,Llanisien
W01001791,Llanishen,Llanisien
W01001790,Llandaf North,Ystum Taf
W01001789,Llandaf North,Ystum Taf
W01001788,Llandaf North,Ystum Taf
W01001787,Llandaf North,Ystum Taf
W01001786,Llandaf North,Ystum Taf
W01001785,Llandaf North,Ystum Taf
W01001784,Llandaf & Danescourt,Llandaf a Danescourt
W01001783,Llandaf & Danescourt,Llandaf a Danescourt
W01001782,Llandaf & Danescourt,Llandaf a Danescourt
W01001781,Llandaf & Danescourt,Llandaf a Danescourt
W01001780,Llandaf & Danescourt,Llandaf a Danescourt
W01001779,Llandaf & Danescourt,Llandaf a Danescourt
W01001778,Lisvane,Llys-faen
W01001777,Lisvane,Llys-faen
W01001776,Birchgrove,Llwynbedw
W01001775,Birchgrove,Llwynbedw
W01001774,Heath,Y Mynydd Bychan
W01001773,Rhiwbina Village,Pentref Rhiwbeina
W01001772,Birchgrove,Llwynbedw
W01001771,Heath,Y Mynydd Bychan
W01001770,Heath,Y Mynydd Bychan
W01001769,Heath,Y Mynydd Bychan
W01001768,Grangetown North,Gogledd Grangetown
W01001767,Grangetown North,Gogledd Grangetown
W01001766,Grangetown North,Gogledd Grangetown
W01001765,Grangetown North,Gogledd Grangetown
W01001764,Grangetown North,Gogledd Grangetown
W01001762,Grangetown South,De Grangetown
W01001761,Grangetown South,De Grangetown
W01001760,Grangetown South,De Grangetown
W01001759,Grangetown South,De Grangetown
W01001758,Gabalfa,Gabalfa
W01001757,Gabalfa,Gabalfa
W01001756,Gabalfa,Gabalfa
W01001755,Gabalfa,Gabalfa
W01001754,Fairwater South,De'r Tyllgoed
W01001753,Fairwater South,De'r Tyllgoed
W01001752,Fairwater South,De'r Tyllgoed
W01001751,Fairwater North,Gogledd y Tyllgoed
W01001750,Fairwater South,De'r Tyllgoed
W01001749,Fairwater North,Gogledd y Tyllgoed
W01001748,Fairwater North,Gogledd y Tyllgoed
W01001747,Fairwater North,Gogledd y Tyllgoed
W01001746,Caerau East,Dwyrain Caerau
W01001745,Ely West,Gorllewin Trelái
W01001744,Ely West,Gorllewin Trelái
W01001743,Ely West,Gorllewin Trelái
W01001742,Ely West,Gorllewin Trelái
W01001741,Ely East,Dwyrain Trelái
W01001740,Ely East,Dwyrain Trelái
W01001739,Ely East,Dwyrain Trelái
W01001738,Ely East,Dwyrain Trelái
W01001737,Ely East,Dwyrain Trelái
W01001736,Cyncoed North,Gogledd Cyncoed
W01001735,Cyncoed South & Roath Park,De Cyncoed a Pharc y Rhath
W01001734,Cyncoed South & Roath Park,De Cyncoed a Pharc y Rhath
W01001733,Cyncoed South & Roath Park,De Cyncoed a Pharc y Rhath
W01001732,Cyncoed South & Roath Park,De Cyncoed a Pharc y Rhath
W01001731,Cyncoed North,Gogledd Cyncoed
W01001730,Cyncoed North,Gogledd Cyncoed
W01001729,"Creigiau, Pentyrch & St Fagans","Creigiau, Pen-tyrch a Sain Ffagan"
W01001728,"Creigiau, Pentyrch & St Fagans","Creigiau, Pen-tyrch a Sain Ffagan"
W01001727,"Creigiau, Pentyrch & St Fagans","Creigiau, Pen-tyrch a Sain Ffagan"
W01001726,Cathays North,Gogledd Cathays
W01001725,Cathays South & Bute Park,De Cathays a Pharc Biwt
W01001724,Cathays South & Bute Park,De Cathays a Pharc Biwt
W01001722,Cathays North,Gogledd Cathays
W01001721,Cathays South & Bute Park,De Cathays a Pharc Biwt
W01001720,Cathays North,Gogledd Cathays
W01001719,Cathays North,Gogledd Cathays
W01001718,Cathays North,Gogledd Cathays
W01001717,Victoria Park,Parc Victoria
W01001716,Victoria Park,Parc Victoria
W01001715,Victoria Park,Parc Victoria
W01001714,Victoria Park,Parc Victoria
W01001713,Canton,Treganna
W01001712,Canton,Treganna
W01001711,Canton,Treganna
W01001710,Canton,Treganna
W01001709,Canton,Treganna
W01001708,Caerau West,Gorllewin Caerau
W01001707,Caerau East,Dwyrain Caerau
W01001706,Caerau East,Dwyrain Caerau
W01001705,Caerau West,Gorllewin Caerau
W01001704,Caerau East,Dwyrain Caerau
W01001703,Caerau West,Gorllewin Caerau
W01001702,Caerau West,Gorllewin Caerau
W01001699,Butetown,Tre-biwt
W01001698,Adamsdown,Adamsdown
W01001697,Adamsdown,Adamsdown
W01001696,Adamsdown,Adamsdown
W01001695,Adamsdown,Adamsdown
W01001694,Adamsdown,Adamsdown
W01001693,Victoria & Somerton,Victoria a Somerton
W01001692,Maendy,Maendy
W01001691,Maendy,Maendy
W01001690,Victoria & Somerton,Victoria a Somerton
W01001689,Duffryn & Maesglas,Dyffryn a Maesglas
W01001688,Duffryn & Maesglas,Dyffryn a Maesglas
W01001687,Stow Hill,Stow Hill
W01001686,Stow Hill,Stow Hill
W01001685,Stow Hill,Stow Hill
W01001684,Shaftesbury & Crindai,Shaftesbury a Chrindai
W01001683,Shaftesbury & Crindai,Shaftesbury a Chrindai
W01001682,Shaftesbury & Crindai,Shaftesbury a Chrindai
W01001681,Shaftesbury & Crindai,Shaftesbury a Chrindai
W01001680,St Julians & Barnardtown,Sain Silian a Barnardtown
W01001679,St Julians & Barnardtown,Sain Silian a Barnardtown
W01001678,Beechwood,Beechwood
W01001677,St Julians & Barnardtown,Sain Silian a Barnardtown
W01001676,St Julians & Barnardtown,Sain Silian a Barnardtown
W01001675,St Julians & Barnardtown,Sain Silian a Barnardtown
W01001674,Rogerstone,Tŷ-du
W01001673,Rogerstone,Tŷ-du
W01001672,Rogerstone,Tŷ-du
W01001671,Pye Corner & Graig,Pye Corner a Graig
W01001670,Rogerstone,Tŷ-du
W01001669,Rogerstone,Tŷ-du
W01001668,Ringland,Ringland
W01001667,Ringland,Ringland
W01001666,Ringland,Ringland
W01001665,Lawrence Hill,Lawrence Hill
W01001664,Ringland,Ringland
W01001663,Lawrence Hill,Lawrence Hill
W01001662,Pillgwenlly & Docks,Pilgwenlli a'r Dociau
W01001661,Pillgwenlly & Docks,Pilgwenlli a'r Dociau
W01001660,Pillgwenlly & Docks,Pilgwenlli a'r Dociau
W01001659,Pillgwenlly & Docks,Pilgwenlli a'r Dociau
W01001658,Marshfield,Maerun
W01001657,Marshfield,Maerun
W01001655,Malpas,Malpas
W01001654,Malpas,Malpas
W01001653,Malpas,Malpas
W01001652,Malpas,Malpas
W01001651,Malpas,Malpas
W01001650,Langstone & Llan-wern,Langstone a Llan-wern
W01001649,Langstone & Llan-wern,Langstone a Llan-wern
W01001648,Liswerry & Uskmouth,Llyswyry ac Uskmouth
W01001647,Liswerry & Uskmouth,Llyswyry ac Uskmouth
W01001646,Liswerry & Uskmouth,Llyswyry ac Uskmouth
W01001645,Liswerry & Uskmouth,Llyswyry ac Uskmouth
W01001644,Victoria & Somerton,Victoria a Somerton
W01001643,Victoria & Somerton,Victoria a Somerton
W01001642,Victoria & Somerton,Victoria a Somerton
W01001641,Langstone & Llan-wern,Langstone a Llan-wern
W01001640,Langstone & Llan-wern,Langstone a Llan-wern
W01001639,Langstone & Llan-wern,Langstone a Llan-wern
W01001638,Pye Corner & Graig,Pye Corner a Graig
W01001637,Pye Corner & Graig,Pye Corner a Graig
W01001636,Marshfield,Maerun
W01001635,Pye Corner & Graig,Pye Corner a Graig
W01001634,Duffryn & Maesglas,Dyffryn a Maesglas
W01001633,Duffryn & Maesglas,Dyffryn a Maesglas
W01001632,Gaer,Gaer
W01001631,Gaer,Gaer
W01001630,Gaer,Gaer
W01001629,Gaer,Gaer
W01001628,Caerleon,Caerllion
W01001627,Caerleon,Caerllion
W01001626,Caerleon,Caerllion
W01001625,Caerleon,Caerllion
W01001624,Caerleon,Caerllion
W01001623,Caerleon,Caerllion
W01001622,Bettws,Betws
W01001621,Bettws,Betws
W01001620,Bettws,Betws
W01001619,Bettws,Betws
W01001618,Bettws,Betws
W01001617,Bettws,Betws
W01001616,Beechwood,Beechwood
W01001615,Beechwood,Beechwood
W01001614,Beechwood,Beechwood
W01001613,Maendy,Maendy
W01001612,Maendy,Maendy
W01001611,Maendy,Maendy
W01001610,Liswerry & Uskmouth,Llyswyry ac Uskmouth
W01001609,Liswerry & Uskmouth,Llyswyry ac Uskmouth
W01001608,Lawrence Hill,Lawrence Hill
W01001607,Liswerry & Uskmouth,Llyswyry ac Uskmouth
W01001606,Lawrence Hill,Lawrence Hill
W01001605,Stow Hill,Stow Hill
W01001604,Ridgeway & Glasllwch,Ridgeway a Glasllwch
W01001603,Ridgeway & Glasllwch,Ridgeway a Glasllwch
W01001602,Ridgeway & Glasllwch,Ridgeway a Glasllwch
W01001601,Shaftesbury & Crindai,Shaftesbury a Chrindai
W01001600,Ridgeway & Glasllwch,Ridgeway a Glasllwch
W01001599,Monmouth & Wyesham,Trefynwy a Wyesham
W01001598,Caldicot South,De Cil-y-coed
W01001597,"Usk, Goytre & Llangybi Fawr","Brynbuga, Penperlleni a Llangybi Fawr"
W01001596,"Usk, Goytre & Llangybi Fawr","Brynbuga, Penperlleni a Llangybi Fawr"
W01001595,Chepstow North & Trellech,Gogledd Cas-gwent a Thryleg
W01001594,Chepstow North & Trellech,Gogledd Cas-gwent a Thryleg
W01001593,Chepstow South,De Cas-gwent
W01001592,Chepstow South,De Cas-gwent
W01001591,Magor & Rogiet,Magwyr a Rogiet
W01001590,Caldicot North & Caer-went,Gogledd Cil-y-coed a Chaer-went
W01001589,Caldicot South,De Cil-y-coed
W01001588,Caldicot South,De Cil-y-coed
W01001587,Chepstow South,De Cas-gwent
W01001586,Chepstow North & Trellech,Gogledd Cas-gwent a Thryleg
W01001585,Chepstow North & Trellech,Gogledd Cas-gwent a Thryleg
W01001584,Chepstow South,De Cas-gwent
W01001583,Chepstow North & Trellech,Gogledd Cas-gwent a Thryleg
W01001582,Magor & Rogiet,Magwyr a Rogiet
W01001581,Rhaglan & Llantilio Crossenny,Rhaglan a Llandeilo Gresynni
W01001580,Abergavenny North,Gogledd y Fenni
W01001579,Abergavenny South & Crucorney,De'r Fenni a Chrucornau
W01001578,Caldicot North & Caer-went,Gogledd Cil-y-coed a Chaer-went
W01001577,Monmouth & Wyesham,Trefynwy a Wyesham
W01001576,Monmouth & Wyesham,Trefynwy a Wyesham
W01001575,Rhaglan & Llantilio Crossenny,Rhaglan a Llandeilo Gresynni
W01001574,Magor & Rogiet,Magwyr a Rogiet
W01001573,Magor & Rogiet,Magwyr a Rogiet
W01001572,Magor & Rogiet,Magwyr a Rogiet
W01001571,Abergavenny South & Crucorney,De'r Fenni a Chrucornau
W01001569,Gilwern & Llanfoist,Gilwern a Llan-ffwyst
W01001568,Rhaglan & Llantilio Crossenny,Rhaglan a Llandeilo Gresynni
W01001567,Rhaglan & Llantilio Crossenny,Rhaglan a Llandeilo Gresynni
W01001566,Rhaglan & Llantilio Crossenny,Rhaglan a Llandeilo Gresynni
W01001565,"Usk, Goytre & Llangybi Fawr","Brynbuga, Penperlleni a Llangybi Fawr"
W01001564,Gilwern & Llanfoist,Gilwern a Llan-ffwyst
W01001563,Gilwern & Llanfoist,Gilwern a Llan-ffwyst
W01001562,Gilwern & Llanfoist,Gilwern a Llan-ffwyst
W01001561,Gilwern & Llanfoist,Gilwern a Llan-ffwyst
W01001560,"Usk, Goytre & Llangybi Fawr","Brynbuga, Penperlleni a Llangybi Fawr"
W01001559,Chepstow South,De Cas-gwent
W01001558,Abergavenny North,Gogledd y Fenni
W01001557,Abergavenny South & Crucorney,De'r Fenni a Chrucornau
W01001556,"Usk, Goytre & Llangybi Fawr","Brynbuga, Penperlleni a Llangybi Fawr"
W01001555,"Usk, Goytre & Llangybi Fawr","Brynbuga, Penperlleni a Llangybi Fawr"
W01001554,Monmouth & Wyesham,Trefynwy a Wyesham
W01001553,Monmouth & Wyesham,Trefynwy a Wyesham
W01001552,Monmouth & Wyesham,Trefynwy a Wyesham
W01001551,Caldicot South,De Cil-y-coed
W01001549,Chepstow North & Trellech,Gogledd Cas-gwent a Thryleg
W01001548,Abergavenny South & Crucorney,De'r Fenni a Chrucornau
W01001546,Abergavenny North,Gogledd y Fenni
W01001545,Abergavenny South & Crucorney,De'r Fenni a Chrucornau
W01001543,Caldicot North & Caer-went,Gogledd Cil-y-coed a Chaer-went
W01001542,Caldicot North & Caer-went,Gogledd Cil-y-coed a Chaer-went
W01001541,Pontypool,Pont-y-pŵl
W01001540,Pontypool,Pont-y-pŵl
W01001539,West Pontnewydd & Thornhill,Gorllewin Pontnewydd a Thornhill
W01001538,West Pontnewydd & Thornhill,Gorllewin Pontnewydd a Thornhill
W01001537,Pontnewydd & Upper Cwmbran,Pontnewydd a Chwmbrân Uchaf
W01001536,West Pontnewydd & Thornhill,Gorllewin Pontnewydd a Thornhill
W01001535,Hollybush & Henllys,Hollybush a Henllys
W01001534,Hollybush & Henllys,Hollybush a Henllys
W01001533,Hollybush & Henllys,Hollybush a Henllys
W01001532,Cwmbran,Cwmbrân
W01001531,Trefethin & Pen-y-garn,Trefddyn a Phen-y-garn
W01001530,Trefethin & Pen-y-garn,Trefddyn a Phen-y-garn
W01001529,Trefethin & Pen-y-garn,Trefddyn a Phen-y-garn
W01001528,Cwmbran,Cwmbrân
W01001527,Cwmbran,Cwmbrân
W01001526,Cwmbran,Cwmbrân
W01001525,Trefethin & Pen-y-garn,Trefddyn a Phen-y-garn
W01001524,Pontypool,Pont-y-pŵl
W01001523,Pontypool,Pont-y-pŵl
W01001522,Pontnewydd & Upper Cwmbran,Pontnewydd a Chwmbrân Uchaf
W01001521,Pontnewydd & Upper Cwmbran,Pontnewydd a Chwmbrân Uchaf
W01001520,Pontnewydd & Upper Cwmbran,Pontnewydd a Chwmbrân Uchaf
W01001519,Pontnewydd & Upper Cwmbran,Pontnewydd a Chwmbrân Uchaf
W01001518,Griffithstown & Sebastopol,Griffithstown a Sebastopol
W01001517,Griffithstown & Sebastopol,Griffithstown a Sebastopol
W01001516,Griffithstown & Sebastopol,Griffithstown a Sebastopol
W01001515,Griffithstown & Sebastopol,Griffithstown a Sebastopol
W01001514,Griffithstown & Sebastopol,Griffithstown a Sebastopol
W01001513,New Inn,Y Dafarn Newydd
W01001512,New Inn,Y Dafarn Newydd
W01001511,New Inn,Y Dafarn Newydd
W01001510,New Inn,Y Dafarn Newydd
W01001509,Llantarnam & Oakfield,Llantarnam ac Oakfield
W01001508,Llantarnam & Oakfield,Llantarnam ac Oakfield
W01001507,Croesyceiliog,Croesyceiliog
W01001506,Cwmbran,Cwmbrân
W01001505,Llantarnam & Oakfield,Llantarnam ac Oakfield
W01001504,Llantarnam & Oakfield,Llantarnam ac Oakfield
W01001503,West Pontnewydd & Thornhill,Gorllewin Pontnewydd a Thornhill
W01001502,Fairwater & Greenmeadow,Fairwater a Greenmeadow
W01001501,West Pontnewydd & Thornhill,Gorllewin Pontnewydd a Thornhill
W01001500,Fairwater & Greenmeadow,Fairwater a Greenmeadow
W01001499,Fairwater & Greenmeadow,Fairwater a Greenmeadow
W01001498,Fairwater & Greenmeadow,Fairwater a Greenmeadow
W01001497,Fairwater & Greenmeadow,Fairwater a Greenmeadow
W01001496,Pontypool,Pont-y-pŵl
W01001495,Croesyceiliog,Croesyceiliog
W01001494,Croesyceiliog,Croesyceiliog
W01001493,Croesyceiliog,Croesyceiliog
W01001492,Hollybush & Henllys,Hollybush a Henllys
W01001491,Pontypool,Pont-y-pŵl
W01001490,Blaenavon,Blaenafon
W01001489,Blaenavon,Blaenafon
W01001488,Blaenavon,Blaenafon
W01001487,Blaenavon,Blaenafon
W01001486,Abersychan,Abersychan
W01001485,Abersychan,Abersychan
W01001484,Abersychan,Abersychan
W01001483,Abersychan,Abersychan
W01001482,Abersychan,Abersychan
W01001481,Tredegar & Georgetown,Tredegar a Georgetown
W01001480,Sirhowy,Sirhywi
W01001479,Tredegar & Georgetown,Tredegar a Georgetown
W01001478,Tredegar & Georgetown,Tredegar a Georgetown
W01001477,Abertillery South & Llanhilleth,De Abertyleri a Llanhiledd
W01001476,Abertillery South & Llanhilleth,De Abertyleri a Llanhiledd
W01001475,Sirhowy,Sirhywi
W01001474,Sirhowy,Sirhywi
W01001473,Sirhowy,Sirhywi
W01001472,Sirhowy,Sirhywi
W01001471,Rassau & Beaufort,Rasa a Chendl
W01001470,Rassau & Beaufort,Rasa a Chendl
W01001469,Blaina & Nantyglo,Blaenau a Nant-y-glo
W01001468,Blaina & Nantyglo,Blaenau a Nant-y-glo
W01001467,Blaina & Nantyglo,Blaenau a Nant-y-glo
W01001466,Abertillery South & Llanhilleth,De Abertyleri a Llanhiledd
W01001465,Abertillery South & Llanhilleth,De Abertyleri a Llanhiledd
W01001464,Abertillery South & Llanhilleth,De Abertyleri a Llanhiledd
W01001463,Tredegar & Georgetown,Tredegar a Georgetown
W01001462,Tredegar & Georgetown,Tredegar a Georgetown
W01001461,Ebbw Vale South & Cwm,De Glynebwy a Chwm
W01001460,Ebbw Vale South & Cwm,De Glynebwy a Chwm
W01001459,Ebbw Vale South & Cwm,De Glynebwy a Chwm
W01001458,Ebbw Vale North & Glyncoed,Gogledd Glynebwy a Glyncoed
W01001457,Ebbw Vale North & Glyncoed,Gogledd Glynebwy a Glyncoed
W01001456,Ebbw Vale North & Glyncoed,Gogledd Glynebwy a Glyncoed
W01001455,Abertillery North & Cwmtillery,Gogledd Abertyleri a Chwmtyleri
W01001454,Abertillery North & Cwmtillery,Gogledd Abertyleri a Chwmtyleri
W01001453,Abertillery North & Cwmtillery,Gogledd Abertyleri a Chwmtyleri
W01001452,Ebbw Vale South & Cwm,De Glynebwy a Chwm
W01001451,Ebbw Vale South & Cwm,De Glynebwy a Chwm
W01001450,Ebbw Vale South & Cwm,De Glynebwy a Chwm
W01001449,Bryn-mawr,Bryn-mawr
W01001448,Bryn-mawr,Bryn-mawr
W01001447,Bryn-mawr,Bryn-mawr
W01001446,Bryn-mawr,Bryn-mawr
W01001445,Blaina & Nantyglo,Blaenau a Nant-y-glo
W01001444,Blaina & Nantyglo,Blaenau a Nant-y-glo
W01001443,Blaina & Nantyglo,Blaenau a Nant-y-glo
W01001442,Rassau & Beaufort,Rasa a Chendl
W01001441,Rassau & Beaufort,Rasa a Chendl
W01001440,Rassau & Beaufort,Rasa a Chendl
W01001439,Ebbw Vale North & Glyncoed,Gogledd Glynebwy a Glyncoed
W01001438,Ebbw Vale North & Glyncoed,Gogledd Glynebwy a Glyncoed
W01001437,Abertillery North & Cwmtillery,Gogledd Abertyleri a Chwmtyleri
W01001436,Abertillery North & Cwmtillery,Gogledd Abertyleri a Chwmtyleri
W01001435,Abertillery North & Cwmtillery,Gogledd Abertyleri a Chwmtyleri
W01001434,Ystrad Mynach & Nelson,Ystrad Mynach a Nelson
W01001433,Ystrad Mynach & Nelson,Ystrad Mynach a Nelson
W01001432,Ystrad Mynach & Nelson,Ystrad Mynach a Nelson
W01001431,Crosskeys South & Ynysddu,De Crosskeys ac Ynys-ddu
W01001430,Crosskeys South & Ynysddu,De Crosskeys ac Ynys-ddu
W01001429,"Rhymney, Pontlottyn & Abertysswg","Rhymni, Pontlotyn a Abertyswg"
W01001428,"Rhymney, Pontlottyn & Abertysswg","Rhymni, Pontlotyn a Abertyswg"
W01001427,Caerphilly South,De Caerffili
W01001426,Caerphilly South,De Caerffili
W01001425,Caerphilly South,De Caerffili
W01001424,Caerphilly South,De Caerffili
W01001423,Caerphilly South,De Caerffili
W01001422,Caerphilly East,Dwyrain Caerffili
W01001421,Caerphilly East,Dwyrain Caerffili
W01001420,Caerphilly East,Dwyrain Caerffili
W01001419,Machen,Machen
W01001418,St Cattwg,St Cattwg
W01001417,St Cattwg,St Cattwg
W01001416,St Cattwg,St Cattwg
W01001415,St Cattwg,St Cattwg
W01001414,St Cattwg,St Cattwg
W01001413,Risca West,Gorllewin Rhisga
W01001412,Risca West,Gorllewin Rhisga
W01001411,Risca West,Gorllewin Rhisga
W01001410,Risca East,Dwyrain Rhisga
W01001409,Risca East,Dwyrain Rhisga
W01001408,Risca East,Dwyrain Rhisga
W01001407,Risca East,Dwyrain Rhisga
W01001406,"Rhymney, Pontlottyn & Abertysswg","Rhymni, Pontlotyn a Abertyswg"
W01001405,Pontllan-fraith,Pontllan-fraith
W01001404,Pontllan-fraith,Pontllan-fraith
W01001403,Pontllan-fraith,Pontllan-fraith
W01001402,Pontllan-fraith,Pontllan-fraith
W01001401,Pontllan-fraith,Pontllan-fraith
W01001400,Llanbradach & Penyrheol,Llanbradach a Phenyrheol
W01001399,Caerphilly West,Gorllewin Caerffili
W01001398,Caerphilly South,De Caerffili
W01001397,Llanbradach & Penyrheol,Llanbradach a Phenyrheol
W01001396,Caerphilly West,Gorllewin Caerffili
W01001395,Caerphilly West,Gorllewin Caerffili
W01001394,Caerphilly West,Gorllewin Caerffili
W01001393,Llanbradach & Penyrheol,Llanbradach a Phenyrheol
W01001392,Blackwood,Coed-duon
W01001391,Oakdale & Pen-twyn,Oakdale a Phen-twyn
W01001390,Oakdale & Pen-twyn,Oakdale a Phen-twyn
W01001389,Pengam & Cefn Fforest,Pengam a Chefn Fforest
W01001388,Pengam & Cefn Fforest,Pengam a Chefn Fforest
W01001387,Pengam & Cefn Fforest,Pengam a Chefn Fforest
W01001386,New Tredegar & Darren Valley,Tredegar Newydd a Chwm Darren
W01001385,New Tredegar & Darren Valley,Tredegar Newydd a Chwm Darren
W01001384,New Tredegar & Darren Valley,Tredegar Newydd a Chwm Darren
W01001383,Newbridge,Trecelyn
W01001382,Newbridge,Trecelyn
W01001381,Newbridge,Trecelyn
W01001380,Newbridge,Trecelyn
W01001379,Ystrad Mynach & Nelson,Ystrad Mynach a Nelson
W01001378,Ystrad Mynach & Nelson,Ystrad Mynach a Nelson
W01001377,Ystrad Mynach & Nelson,Ystrad Mynach a Nelson
W01001376,"Rhymney, Pontlottyn & Abertysswg","Rhymni, Pontlotyn a Abertyswg"
W01001375,"Rhymney, Pontlottyn & Abertysswg","Rhymni, Pontlotyn a Abertyswg"
W01001374,"Rhymney, Pontlottyn & Abertysswg","Rhymni, Pontlotyn a Abertyswg"
W01001373,Caerphilly East,Dwyrain Caerffili
W01001372,Caerphilly East,Dwyrain Caerffili
W01001371,Caerphilly East,Dwyrain Caerffili
W01001370,Caerphilly West,Gorllewin Caerffili
W01001369,Hengoed & Maesycwmer,Hengoed a Maesycwmer
W01001368,Llanbradach & Penyrheol,Llanbradach a Phenyrheol
W01001367,Llanbradach & Penyrheol,Llanbradach a Phenyrheol
W01001366,Llanbradach & Penyrheol,Llanbradach a Phenyrheol
W01001365,Hengoed & Maesycwmer,Hengoed a Maesycwmer
W01001364,Hengoed & Maesycwmer,Hengoed a Maesycwmer
W01001363,Hengoed & Maesycwmer,Hengoed a Maesycwmer
W01001362,Aberbargoed & Gilfach,Aberbargoed a Gilfach
W01001361,New Tredegar & Darren Valley,Tredegar Newydd a Chwm Darren
W01001360,New Tredegar & Darren Valley,Tredegar Newydd a Chwm Darren
W01001359,Oakdale & Pen-twyn,Oakdale a Phen-twyn
W01001358,Oakdale & Pen-twyn,Oakdale a Phen-twyn
W01001357,Oakdale & Pen-twyn,Oakdale a Phen-twyn
W01001356,Oakdale & Pen-twyn,Oakdale a Phen-twyn
W01001355,Crosskeys South & Ynysddu,De Crosskeys ac Ynys-ddu
W01001354,Crosskeys North & Abercarn,Gogledd Crosskeys ac Abercarn
W01001353,Pengam & Cefn Fforest,Pengam a Chefn Fforest
W01001352,Pengam & Cefn Fforest,Pengam a Chefn Fforest
W01001351,"North Blackwood, Argoed & Markham","Gogledd Coed-duon, Argoed a Markham"
W01001350,Blackwood,Coed-duon
W01001349,Blackwood,Coed-duon
W01001348,Blackwood,Coed-duon
W01001347,"North Blackwood, Argoed & Markham","Gogledd Coed-duon, Argoed a Markham"
W01001346,Bedwas & Trethomas,Bedwas a Thretomas
W01001345,Machen,Machen
W01001344,Bedwas & Trethomas,Bedwas a Thretomas
W01001343,Machen,Machen
W01001342,Machen,Machen
W01001341,Bedwas & Trethomas,Bedwas a Thretomas
W01001340,Bedwas & Trethomas,Bedwas a Thretomas
W01001339,Bargoed,Bargoed
W01001338,Bargoed,Bargoed
W01001337,Bargoed,Bargoed
W01001336,Bargoed,Bargoed
W01001335,"North Blackwood, Argoed & Markham","Gogledd Coed-duon, Argoed a Markham"
W01001334,"North Blackwood, Argoed & Markham","Gogledd Coed-duon, Argoed a Markham"
W01001333,Aber Valley,Cwm Aber
W01001332,Aber Valley,Cwm Aber
W01001331,Aber Valley,Cwm Aber
W01001330,Aber Valley,Cwm Aber
W01001329,Crosskeys North & Abercarn,Gogledd Crosskeys ac Abercarn
W01001328,Crosskeys North & Abercarn,Gogledd Crosskeys ac Abercarn
W01001327,Crosskeys North & Abercarn,Gogledd Crosskeys ac Abercarn
W01001326,Aberbargoed & Gilfach,Aberbargoed a Gilfach
W01001325,Aberbargoed & Gilfach,Aberbargoed a Gilfach
W01001324,"Cefncoedycymer, Heolgerrig & Park","Cefncoedycymer, Heolgerrig a Pharc"
W01001322,Treharris & Trelewis,Treharris a Trelewis
W01001321,Treharris & Trelewis,Treharris a Trelewis
W01001320,Treharris & Trelewis,Treharris a Trelewis
W01001319,Treharris & Trelewis,Treharris a Trelewis
W01001318,Pentre-bach & Mountain Hare,Pentre-bach a Mountain Hare
W01001317,Pentre-bach & Mountain Hare,Pentre-bach a Mountain Hare
W01001316,Pentre-bach & Mountain Hare,Pentre-bach a Mountain Hare
W01001315,Gelli-deg & Town,Gelli-deg a'r Dref
W01001314,Pentre-bach & Mountain Hare,Pentre-bach a Mountain Hare
W01001313,"Merthyr Vale, Troed-y-rhiw & Bedlinog","Ynysowen, Troed-y-rhiw a Bedlinog"
W01001312,"Merthyr Vale, Troed-y-rhiw & Bedlinog","Ynysowen, Troed-y-rhiw a Bedlinog"
W01001311,Dowlais,Dowlais
W01001310,Dowlais,Dowlais
W01001309,"Gurnos, Trefechan & Pontsticill","Gurnos, Trefechan a Phontsticill"
W01001308,"Gurnos, Trefechan & Pontsticill","Gurnos, Trefechan a Phontsticill"
W01001307,Gelli-deg & Town,Gelli-deg a'r Dref
W01001306,"Cefncoedycymer, Heolgerrig & Park","Cefncoedycymer, Heolgerrig a Pharc"
W01001305,"Cefncoedycymer, Heolgerrig & Park","Cefncoedycymer, Heolgerrig a Pharc"
W01001304,"Merthyr Vale, Troed-y-rhiw & Bedlinog","Ynysowen, Troed-y-rhiw a Bedlinog"
W01001303,"Merthyr Vale, Troed-y-rhiw & Bedlinog","Ynysowen, Troed-y-rhiw a Bedlinog"
W01001302,"Merthyr Vale, Troed-y-rhiw & Bedlinog","Ynysowen, Troed-y-rhiw a Bedlinog"
W01001301,"Gurnos, Trefechan & Pontsticill","Gurnos, Trefechan a Phontsticill"
W01001300,"Gurnos, Trefechan & Pontsticill","Gurnos, Trefechan a Phontsticill"
W01001299,"Gurnos, Trefechan & Pontsticill","Gurnos, Trefechan a Phontsticill"
W01001298,Dowlais,Dowlais
W01001297,Dowlais,Dowlais
W01001296,Dowlais,Dowlais
W01001295,Dowlais,Dowlais
W01001294,"Cefncoedycymer, Heolgerrig & Park","Cefncoedycymer, Heolgerrig a Pharc"
W01001293,Gelli-deg & Town,Gelli-deg a'r Dref
W01001292,Gelli-deg & Town,Gelli-deg a'r Dref
W01001291,"Cefncoedycymer, Heolgerrig & Park","Cefncoedycymer, Heolgerrig a Pharc"
W01001290,Treharris & Trelewis,Treharris a Trelewis
W01001289,"Merthyr Vale, Troed-y-rhiw & Bedlinog","Ynysowen, Troed-y-rhiw a Bedlinog"
W01001288,Ystrad & Llwynypia,Ystrad a Llwynypia
W01001287,Ystrad & Llwynypia,Ystrad a Llwynypia
W01001286,Ystrad & Llwynypia,Ystrad a Llwynypia
W01001285,Ystrad & Llwynypia,Ystrad a Llwynypia
W01001284,Glyn-coch & Ynys-y-bwl,Glyn-coch ac Ynys-y-bwl
W01001283,Glyn-coch & Ynys-y-bwl,Glyn-coch ac Ynys-y-bwl
W01001282,Glyn-coch & Ynys-y-bwl,Glyn-coch ac Ynys-y-bwl
W01001281,Porth East & Ynys-hir,Dwyrain Porth ac Ynys-hir
W01001280,Porth East & Ynys-hir,Dwyrain Porth ac Ynys-hir
W01001279,Beddau & Tyn-y-nant,Beddau a Tyn-y-nant
W01001278,Beddau & Tyn-y-nant,Beddau a Tyn-y-nant
W01001277,Beddau & Tyn-y-nant,Beddau a Tyn-y-nant
W01001276,Tylorstown,Tylorstown
W01001275,Tylorstown,Tylorstown
W01001274,Tylorstown,Tylorstown
W01001273,Treorchy,Treorci
W01001272,Treorchy,Treorci
W01001271,Treorchy,Treorci
W01001270,Treorchy,Treorci
W01001269,Treorchy,Treorci
W01001268,Treherbert,Treherbert
W01001267,Treherbert,Treherbert
W01001266,Treherbert,Treherbert
W01001265,Treherbert,Treherbert
W01001264,Trefforest,Trefforest
W01001263,Trefforest,Trefforest
W01001262,Trefforest,Trefforest
W01001261,Tonypandy East,Dwyrain Tonypandy
W01001260,Ystrad & Llwynypia,Ystrad a Llwynypia
W01001259,Tonypandy East,Dwyrain Tonypandy
W01001258,Pontypridd East & Cilfynydd,Dwyrain Pontypridd a Chilfynydd
W01001257,Pontypridd East & Cilfynydd,Dwyrain Pontypridd a Chilfynydd
W01001256,Pontypridd East & Cilfynydd,Dwyrain Pontypridd a Chilfynydd
W01001255,Tonyrefail West,Gorllewin Tonyrefail
W01001253,Tonyrefail West,Gorllewin Tonyrefail
W01001252,Tonyrefail East,Dwyrain Tonyrefail
W01001251,Tonyrefail East,Dwyrain Tonyrefail
W01001250,Tonyrefail East,Dwyrain Tonyrefail
W01001249,Tonyrefail East,Dwyrain Tonyrefail
W01001248,Tonypandy West & Clydach Vale,Gorllewin Tonypandy a Cwmclydach
W01001247,Tonypandy West & Clydach Vale,Gorllewin Tonypandy a Cwmclydach
W01001246,Church Village East & Ton-teg,Dwyrain Pentre'r Eglwys a Thon-teg
W01001245,Church Village East & Ton-teg,Dwyrain Pentre'r Eglwys a Thon-teg
W01001244,Church Village East & Ton-teg,Dwyrain Pentre'r Eglwys a Thon-teg
W01001243,Llantrisant & Talbot Green,Llantrisant a Talbot Green
W01001242,Llantrisant & Talbot Green,Llantrisant a Talbot Green
W01001241,Taff's Well & Nantgarw,Ffynnon Taf a Nantgarw
W01001240,Taff's Well & Nantgarw,Ffynnon Taf a Nantgarw
W01001239,Taff's Well & Nantgarw,Ffynnon Taf a Nantgarw
W01001238,Trefforest,Trefforest
W01001237,Trefforest,Trefforest
W01001236,Pontypridd West,Gorllewin Pontypridd
W01001235,Pontypridd West,Gorllewin Pontypridd
W01001234,Pontypridd West,Gorllewin Pontypridd
W01001233,Hirwaun & Rhigos,Hirwaun a'r Rhigos
W01001232,Porth West,Gorllewin Porth
W01001231,Porth East & Ynys-hir,Dwyrain Porth ac Ynys-hir
W01001230,Porth East & Ynys-hir,Dwyrain Porth ac Ynys-hir
W01001229,Porth East & Ynys-hir,Dwyrain Porth ac Ynys-hir
W01001228,Pontypridd West,Gorllewin Pontypridd
W01001227,Pontypridd West,Gorllewin Pontypridd
W01001226,Pont-y-clun & Llanharry,Pont-y-clun a Llanhari
W01001225,Pont-y-clun & Llanharry,Pont-y-clun a Llanhari
W01001224,Pont-y-clun & Llanharry,Pont-y-clun a Llanhari
W01001223,Pont-y-clun & Llanharry,Pont-y-clun a Llanhari
W01001222,Hirwaun & Rhigos,Hirwaun a'r Rhigos
W01001221,Hirwaun & Rhigos,Hirwaun a'r Rhigos
W01001220,Tonypandy East,Dwyrain Tonypandy
W01001219,Tonypandy East,Dwyrain Tonypandy
W01001218,Tonypandy East,Dwyrain Tonypandy
W01001217,Tonypandy East,Dwyrain Tonypandy
W01001216,Pentre,Pentre
W01001215,Pentre,Pentre
W01001214,Pentre,Pentre
W01001213,Pentre,Pentre
W01001212,Penrhiw-ceibr,Penrhiw-ceibr
W01001211,Penrhiw-ceibr,Penrhiw-ceibr
W01001210,Penrhiw-ceibr,Penrhiw-ceibr
W01001209,Penrhiw-ceibr,Penrhiw-ceibr
W01001208,Mountain Ash,Aberpennar
W01001207,Mountain Ash,Aberpennar
W01001206,Mountain Ash,Aberpennar
W01001205,Mountain Ash,Aberpennar
W01001204,Mountain Ash,Aberpennar
W01001203,Ferndale & Maerdy,Glynrhedynog a Maerdy
W01001202,Ferndale & Maerdy,Glynrhedynog a Maerdy
W01001201,Ystrad & Llwynypia,Ystrad a Llwynypia
W01001200,Ystrad & Llwynypia,Ystrad a Llwynypia
W01001199,Church Village West,Gorllewin Pentre'r Eglwys
W01001198,Church Village West,Gorllewin Pentre'r Eglwys
W01001197,Church Village West,Gorllewin Pentre'r Eglwys
W01001196,Church Village West,Gorllewin Pentre'r Eglwys
W01001195,Llantrisant & Talbot Green,Llantrisant a Talbot Green
W01001194,Llantrisant & Talbot Green,Llantrisant a Talbot Green
W01001193,Llantrisant & Talbot Green,Llantrisant a Talbot Green
W01001192,Pont-y-clun & Llanharry,Pont-y-clun a Llanhari
W01001191,Pont-y-clun & Llanharry,Pont-y-clun a Llanhari
W01001190,Bryn-cae & Llanharan,Bryn-cae a Llanharan
W01001189,Bryn-cae & Llanharan,Bryn-cae a Llanharan
W01001188,Hirwaun & Rhigos,Hirwaun a'r Rhigos
W01001187,Hirwaun & Rhigos,Hirwaun a'r Rhigos
W01001186,Hirwaun & Rhigos,Hirwaun a'r Rhigos
W01001185,Trefforest,Trefforest
W01001184,Taff's Well & Nantgarw,Ffynnon Taf a Nantgarw
W01001183,Pontypridd West,Gorllewin Pontypridd
W01001182,Pontypridd West,Gorllewin Pontypridd
W01001181,Glyn-coch & Ynys-y-bwl,Glyn-coch ac Ynys-y-bwl
W01001180,Glyn-coch & Ynys-y-bwl,Glyn-coch ac Ynys-y-bwl
W01001179,Tonyrefail West,Gorllewin Tonyrefail
W01001178,Tonyrefail West,Gorllewin Tonyrefail
W01001177,Ferndale & Maerdy,Glynrhedynog a Maerdy
W01001176,Tylorstown,Tylorstown
W01001175,Ferndale & Maerdy,Glynrhedynog a Maerdy
W01001174,Porth West,Gorllewin Porth
W01001173,Porth West,Gorllewin Porth
W01001172,Porth West,Gorllewin Porth
W01001171,Porth East & Ynys-hir,Dwyrain Porth ac Ynys-hir
W01001170,Aberdare East & Cwm-bach,Dwyrain Aberdâr a Chwm-bach
W01001169,Aberdare East & Cwm-bach,Dwyrain Aberdâr a Chwm-bach
W01001168,Aberdare East & Cwm-bach,Dwyrain Aberdâr a Chwm-bach
W01001167,Tonypandy West & Clydach Vale,Gorllewin Tonypandy a Cwmclydach
W01001166,Tonypandy West & Clydach Vale,Gorllewin Tonypandy a Cwmclydach
W01001165,Pontypridd East & Cilfynydd,Dwyrain Pontypridd a Chilfynydd
W01001164,Pontypridd East & Cilfynydd,Dwyrain Pontypridd a Chilfynydd
W01001162,Church Village East & Ton-teg,Dwyrain Pentre'r Eglwys a Thon-teg
W01001161,Bryn-cae & Llanharan,Bryn-cae a Llanharan
W01001160,Bryn-cae & Llanharan,Bryn-cae a Llanharan
W01001159,Beddau & Tyn-y-nant,Beddau a Tyn-y-nant
W01001158,Beddau & Tyn-y-nant,Beddau a Tyn-y-nant
W01001157,Beddau & Tyn-y-nant,Beddau a Tyn-y-nant
W01001156,Aberdare West,Gorllewin Aberdâr
W01001155,Aberdare North & Llwydcoed,Gogledd Aberdâr a Llwydcoed
W01001154,Aberdare West,Gorllewin Aberdâr
W01001153,Aberdare North & Llwydcoed,Gogledd Aberdâr a Llwydcoed
W01001152,Aberdare North & Llwydcoed,Gogledd Aberdâr a Llwydcoed
W01001151,Aberdare West,Gorllewin Aberdâr
W01001150,Aberdare West,Gorllewin Aberdâr
W01001149,Aberdare West,Gorllewin Aberdâr
W01001148,Aberdare North & Llwydcoed,Gogledd Aberdâr a Llwydcoed
W01001147,Aberdare East & Cwm-bach,Dwyrain Aberdâr a Chwm-bach
W01001146,Abercynon,Abercynon
W01001145,Abercynon,Abercynon
W01001144,Abercynon,Abercynon
W01001143,Abercynon,Abercynon
W01001142,Aberaman,Aberaman
W01001141,Aberaman,Aberaman
W01001140,Aberaman,Aberaman
W01001139,Aberaman,Aberaman
W01001138,Aberaman,Aberaman
W01001137,Aberaman,Aberaman
W01001136,Peterston-super-Ely & Wenvoe,Llanbedr-y-fro a Gwenfô
W01001135,Peterston-super-Ely & Wenvoe,Llanbedr-y-fro a Gwenfô
W01001134,Lower Penarth & Sully,Penarth Isaf a Sili
W01001133,Lower Penarth & Sully,Penarth Isaf a Sili
W01001132,Lower Penarth & Sully,Penarth Isaf a Sili
W01001131,Lower Penarth & Sully,Penarth Isaf a Sili
W01001130,Penarth,Penarth
W01001129,Llandough & Cogan,Llandochau a Cogan
W01001128,Ogmore-by-Sea & Llandow,Ogwr a Llandŵ
W01001127,Ogmore-by-Sea & Llandow,Ogwr a Llandŵ
W01001126,Penarth,Penarth
W01001125,Penarth,Penarth
W01001124,Penarth,Penarth
W01001123,Penarth,Penarth
W01001122,Rhoose & Airport,Y Rhws a'r Maes Awyr
W01001121,Rhoose & Airport,Y Rhws a'r Maes Awyr
W01001120,Rhoose & Airport,Y Rhws a'r Maes Awyr
W01001119,Peterston-super-Ely & Wenvoe,Llanbedr-y-fro a Gwenfô
W01001118,Rhoose & Airport,Y Rhws a'r Maes Awyr
W01001117,Rhoose & Airport,Y Rhws a'r Maes Awyr
W01001116,Penarth,Penarth
W01001115,Lower Penarth & Sully,Penarth Isaf a Sili
W01001114,Lower Penarth & Sully,Penarth Isaf a Sili
W01001113,Peterston-super-Ely & Wenvoe,Llanbedr-y-fro a Gwenfô
W01001112,Llantwit Major,Llanilltud Fawr
W01001111,Llantwit Major,Llanilltud Fawr
W01001110,Llantwit Major,Llanilltud Fawr
W01001109,Llantwit Major,Llanilltud Fawr
W01001108,Rhoose & Airport,Y Rhws a'r Maes Awyr
W01001107,Llantwit Major,Llanilltud Fawr
W01001106,Llantwit Major,Llanilltud Fawr
W01001105,Ogmore-by-Sea & Llandow,Ogwr a Llandŵ
W01001104,Llandough & Cogan,Llandochau a Cogan
W01001103,Barry Dyfan & Illtyd,Y Barri Dyfan ac Illtyd
W01001102,Barry West,Gorllewin y Barri
W01001101,Barry West,Gorllewin y Barri
W01001100,Barry Dyfan & Illtyd,Y Barri Dyfan ac Illtyd
W01001099,Barry West,Gorllewin y Barri
W01001098,Barry Dyfan & Illtyd,Y Barri Dyfan ac Illtyd
W01001097,Gibbonsdown,Gibbonsdown
W01001096,Gibbonsdown,Gibbonsdown
W01001095,Gibbonsdown,Gibbonsdown
W01001094,Gibbonsdown,Gibbonsdown
W01001093,Barry West,Gorllewin y Barri
W01001092,Gibbonsdown,Gibbonsdown
W01001091,Barry Dyfan & Illtyd,Y Barri Dyfan ac Illtyd
W01001090,Dinas Powys,Dinas Powys
W01001089,Dinas Powys,Dinas Powys
W01001088,Dinas Powys,Dinas Powys
W01001087,Dinas Powys,Dinas Powys
W01001086,Dinas Powys,Dinas Powys
W01001085,Cowbridge,Y Bont-faen
W01001084,Cowbridge,Y Bont-faen
W01001083,Cowbridge,Y Bont-faen
W01001082,Cowbridge,Y Bont-faen
W01001081,Gibbonsdown,Gibbonsdown
W01001080,Barry East,Dwyrain y Barri
W01001079,Barry East,Dwyrain y Barri
W01001078,Llandough & Cogan,Llandochau a Cogan
W01001077,Llandough & Cogan,Llandochau a Cogan
W01001076,Llandough & Cogan,Llandochau a Cogan
W01001075,Llandough & Cogan,Llandochau a Cogan
W01001073,Barry Island,Ynys y Barri
W01001072,Palmerstown,Palmerstown
W01001071,Palmerstown,Palmerstown
W01001070,Palmerstown,Palmerstown
W01001069,Barry East,Dwyrain y Barri
W01001068,Palmerstown,Palmerstown
W01001067,Palmerstown,Palmerstown
W01001066,Barry Island,Ynys y Barri
W01001065,Barry East,Dwyrain y Barri
W01001064,Barry West,Gorllewin y Barri
W01001063,Barry East,Dwyrain y Barri
W01001062,Barry West,Gorllewin y Barri
W01001061,Barry Island,Ynys y Barri
W01001060,Barry Island,Ynys y Barri
W01001059,Barry Island,Ynys y Barri
W01001058,Ynysawdre & Aberkenfig,Ynysawdre ac Abercynffig
W01001057,Ynysawdre & Aberkenfig,Ynysawdre ac Abercynffig
W01001056,"Sarn, Bryn-coch & Bryncethin","Sarn, Bryn-coch a Bryncethin"
W01001055,"Sarn, Bryn-coch & Bryncethin","Sarn, Bryn-coch a Bryncethin"
W01001054,Porthcawl West,Gorllewin Porthcawl
W01001053,Porthcawl West,Gorllewin Porthcawl
W01001052,"Pyle, Kenfig Hill & Cefncribwr","Y Pîl, Mynydd Cynffig a Chefncribwr"
W01001051,"Pyle, Kenfig Hill & Cefncribwr","Y Pîl, Mynydd Cynffig a Chefncribwr"
W01001050,"Pyle, Kenfig Hill & Cefncribwr","Y Pîl, Mynydd Cynffig a Chefncribwr"
W01001049,"Pyle, Kenfig Hill & Cefncribwr","Y Pîl, Mynydd Cynffig a Chefncribwr"
W01001048,"Pyle, Kenfig Hill & Cefncribwr","Y Pîl, Mynydd Cynffig a Chefncribwr"
W01001047,Porthcawl West,Gorllewin Porthcawl
W01001046,Porthcawl West,Gorllewin Porthcawl
W01001045,Porthcawl East,Dwyrain Porthcawl
W01001044,Porthcawl East,Dwyrain Porthcawl
W01001043,"Blaengarw, Pontycymer & Bettws","Blaengarw, Pontycymer a Betws"
W01001042,"Blaengarw, Pontycymer & Bettws","Blaengarw, Pontycymer a Betws"
W01001041,"Pen-y-fai, Laleston & Merthyr Mawr","Pen-y-fai, Trelales a Merthyr Mawr"
W01001040,"Pen-prysg, Hendre & Felindre","Pen-prysg, Hendre a Felindre"
W01001039,"Pen-prysg, Hendre & Felindre","Pen-prysg, Hendre a Felindre"
W01001038,"Pen-dre, Litchard & Coity","Pen-dre, Llidiard a Choety"
W01001037,"Pen-y-fai, Laleston & Merthyr Mawr","Pen-y-fai, Trelales a Merthyr Mawr"
W01001036,Broadlands,Broadlands
W01001035,Central Bridgend,Canol Pen-y-bont ar Ogwr
W01001034,"Nant-y-moel, Ogmore Vale & Blackmill","Nant-y-moel, Cwmogwr a Melin Ifan Ddu"
W01001033,"Nant-y-moel, Ogmore Vale & Blackmill","Nant-y-moel, Cwmogwr a Melin Ifan Ddu"
W01001032,Porthcawl West,Gorllewin Porthcawl
W01001031,Porthcawl West,Gorllewin Porthcawl
W01001030,Porthcawl East,Dwyrain Porthcawl
W01001029,Porthcawl East,Dwyrain Porthcawl
W01001028,Central Bridgend,Canol Pen-y-bont ar Ogwr
W01001027,Broadlands,Broadlands
W01001026,Cefn-glas & Bryntirion,Cefn-glas a Bryntirion
W01001025,"Nant-y-moel, Ogmore Vale & Blackmill","Nant-y-moel, Cwmogwr a Melin Ifan Ddu"
W01001024,"Nant-y-moel, Ogmore Vale & Blackmill","Nant-y-moel, Cwmogwr a Melin Ifan Ddu"
W01001023,Central Bridgend,Canol Pen-y-bont ar Ogwr
W01001022,Central Bridgend,Canol Pen-y-bont ar Ogwr
W01001021,Central Bridgend,Canol Pen-y-bont ar Ogwr
W01001020,Maesteg East,Dwyrain Maesteg
W01001019,"Maesteg West, Garth & Llangynwyd","Gorllewin Maesteg, Garth a Llangynwyd"
W01001018,Maesteg East,Dwyrain Maesteg
W01001017,Maesteg East,Dwyrain Maesteg
W01001016,"Maesteg West, Garth & Llangynwyd","Gorllewin Maesteg, Garth a Llangynwyd"
W01001015,Maesteg East,Dwyrain Maesteg
W01001014,Maesteg East,Dwyrain Maesteg
W01001013,"Maesteg West, Garth & Llangynwyd","Gorllewin Maesteg, Garth a Llangynwyd"
W01001012,"Maesteg West, Garth & Llangynwyd","Gorllewin Maesteg, Garth a Llangynwyd"
W01001011,Cefn-glas & Bryntirion,Cefn-glas a Bryntirion
W01001010,Cefn-glas & Bryntirion,Cefn-glas a Bryntirion
W01001009,"Blaengarw, Pontycymer & Bettws","Blaengarw, Pontycymer a Betws"
W01001008,"Pen-dre, Litchard & Coity","Pen-dre, Llidiard a Choety"
W01001007,"Pen-prysg, Hendre & Felindre","Pen-prysg, Hendre a Felindre"
W01001006,"Pen-prysg, Hendre & Felindre","Pen-prysg, Hendre a Felindre"
W01001005,"Pen-prysg, Hendre & Felindre","Pen-prysg, Hendre a Felindre"
W01001004,"Pen-prysg, Hendre & Felindre","Pen-prysg, Hendre a Felindre"
W01001003,Brackla East & Coychurch Lower,Dwyrain Bracla a Llangrallo Isaf
W01001002,Cornelly,Corneli
W01001001,Cornelly,Corneli
W01001000,Cornelly,Corneli
W01000999,Cornelly,Corneli
W01000998,"Pen-dre, Litchard & Coity","Pen-dre, Llidiard a Choety"
W01000997,Cefn-glas & Bryntirion,Cefn-glas a Bryntirion
W01000996,"Pyle, Kenfig Hill & Cefncribwr","Y Pîl, Mynydd Cynffig a Chefncribwr"
W01000995,Caerau,Caerau
W01000994,Caerau,Caerau
W01000993,Caerau,Caerau
W01000992,Caerau,Caerau
W01000991,Caerau,Caerau
W01000990,Broadlands,Broadlands
W01000989,"Pen-y-fai, Laleston & Merthyr Mawr","Pen-y-fai, Trelales a Merthyr Mawr"
W01000987,"Sarn, Bryn-coch & Bryncethin","Sarn, Bryn-coch a Bryncethin"
W01000986,"Sarn, Bryn-coch & Bryncethin","Sarn, Bryn-coch a Bryncethin"
W01000985,Brackla East & Coychurch Lower,Dwyrain Bracla a Llangrallo Isaf
W01000984,Brackla West,Gorllewin Bracla
W01000983,Brackla East & Coychurch Lower,Dwyrain Bracla a Llangrallo Isaf
W01000982,Brackla West,Gorllewin Bracla
W01000981,Brackla West,Gorllewin Bracla
W01000980,Brackla West,Gorllewin Bracla
W01000979,Brackla East & Coychurch Lower,Dwyrain Bracla a Llangrallo Isaf
W01000978,"Blaengarw, Pontycymer & Bettws","Blaengarw, Pontycymer a Betws"
W01000977,"Nant-y-moel, Ogmore Vale & Blackmill","Nant-y-moel, Cwmogwr a Melin Ifan Ddu"
W01000976,"Nant-y-moel, Ogmore Vale & Blackmill","Nant-y-moel, Cwmogwr a Melin Ifan Ddu"
W01000975,"Blaengarw, Pontycymer & Bettws","Blaengarw, Pontycymer a Betws"
W01000974,Ynysawdre & Aberkenfig,Ynysawdre ac Abercynffig
W01000973,Ystalyfera & Gwaun-Cae-Gurwen,Ystalyfera a Gwauncaegurwen
W01000971,Pontardawe,Pontardawe
W01000970,Aberdulais & Resolfen,Aberdulais a Resolfen
W01000969,Cimla,Cimla
W01000968,Port Talbot South & Margam,De Port Talbot a Margam
W01000967,Port Talbot South & Margam,De Port Talbot a Margam
W01000966,Port Talbot East,Dwyrain Port Talbot
W01000965,Dulais Valley,Cwmdulais
W01000964,Sandfields,Sandfields
W01000963,Sandfields,Sandfields
W01000962,Sandfields,Sandfields
W01000961,Sandfields,Sandfields
W01000960,Aberafan,Aberafan
W01000959,Aberafan,Aberafan
W01000958,Sandfields,Sandfields
W01000957,Aberafan,Aberafan
W01000956,Pontardawe,Pontardawe
W01000955,Pontardawe,Pontardawe
W01000954,Aberdulais & Resolfen,Aberdulais a Resolfen
W01000953,Aberdulais & Resolfen,Aberdulais a Resolfen
W01000952,Port Talbot East,Dwyrain Port Talbot
W01000951,Port Talbot East,Dwyrain Port Talbot
W01000950,Port Talbot East,Dwyrain Port Talbot
W01000949,Port Talbot East,Dwyrain Port Talbot
W01000948,Pontardawe,Pontardawe
W01000947,Pontardawe,Pontardawe
W01000946,Pontardawe,Pontardawe
W01000945,Cwmafan & Bryn,Cwmafan a Bryn
W01000944,Dulais Valley,Cwmdulais
W01000943,Neath South,De Castell-nedd
W01000942,Neath South,De Castell-nedd
W01000941,Neath South,De Castell-nedd
W01000940,Neath Town,Tref Castell-nedd
W01000939,Neath Town,Tref Castell-nedd
W01000938,Neath Town,Tref Castell-nedd
W01000937,Briton Ferry,Llansawel
W01000936,Neath South,De Castell-nedd
W01000935,Neath Town,Tref Castell-nedd
W01000934,Neath Town,Tref Castell-nedd
W01000933,Port Talbot South & Margam,De Port Talbot a Margam
W01000932,Port Talbot South & Margam,De Port Talbot a Margam
W01000931,Ystalyfera & Gwaun-Cae-Gurwen,Ystalyfera a Gwauncaegurwen
W01000930,Glyncorrwg & Blaengwynfi,Glyncorrwg a Blaengwynfi
W01000929,Ystalyfera & Gwaun-Cae-Gurwen,Ystalyfera a Gwauncaegurwen
W01000928,Ystalyfera & Gwaun-Cae-Gurwen,Ystalyfera a Gwauncaegurwen
W01000927,Ystalyfera & Gwaun-Cae-Gurwen,Ystalyfera a Gwauncaegurwen
W01000926,Glynneath,Glyn-nedd
W01000925,Glynneath,Glyn-nedd
W01000924,Glyncorrwg & Blaengwynfi,Glyncorrwg a Blaengwynfi
W01000923,Neath Abbey,Abaty Castell-nedd
W01000922,Neath Abbey,Abaty Castell-nedd
W01000921,Glyncorrwg & Blaengwynfi,Glyncorrwg a Blaengwynfi
W01000920,Glyncorrwg & Blaengwynfi,Glyncorrwg a Blaengwynfi
W01000919,Ystalyfera & Gwaun-Cae-Gurwen,Ystalyfera a Gwauncaegurwen
W01000918,Dulais Valley,Cwmdulais
W01000917,Skewen & Jersey Marine,Sgiwen a Jersey Marine
W01000916,Skewen & Jersey Marine,Sgiwen a Jersey Marine
W01000915,Skewen & Jersey Marine,Sgiwen a Jersey Marine
W01000914,Skewen & Jersey Marine,Sgiwen a Jersey Marine
W01000913,Skewen & Jersey Marine,Sgiwen a Jersey Marine
W01000912,Skewen & Jersey Marine,Sgiwen a Jersey Marine
W01000911,Cimla,Cimla
W01000910,Cimla,Cimla
W01000909,Cimla,Cimla
W01000908,Cadoxton & Bryn-coch,Llangatwg a Bryn-coch
W01000907,Neath Abbey,Abaty Castell-nedd
W01000906,Neath Abbey,Abaty Castell-nedd
W01000905,Cadoxton & Bryn-coch,Llangatwg a Bryn-coch
W01000904,Cadoxton & Bryn-coch,Llangatwg a Bryn-coch
W01000903,Cadoxton & Bryn-coch,Llangatwg a Bryn-coch
W01000902,Cadoxton & Bryn-coch,Llangatwg a Bryn-coch
W01000901,Cwmafan & Bryn,Cwmafan a Bryn
W01000900,Cwmafan & Bryn,Cwmafan a Bryn
W01000899,Cwmafan & Bryn,Cwmafan a Bryn
W01000898,Cwmafan & Bryn,Cwmafan a Bryn
W01000897,Briton Ferry,Llansawel
W01000896,Briton Ferry,Llansawel
W01000895,Briton Ferry,Llansawel
W01000894,Briton Ferry,Llansawel
W01000893,Glynneath,Glyn-nedd
W01000892,Baglan,Baglan
W01000891,Baglan,Baglan
W01000890,Baglan,Baglan
W01000889,Baglan,Baglan
W01000888,Pontardawe,Pontardawe
W01000887,Aberdulais & Resolfen,Aberdulais a Resolfen
W01000886,Aberafan,Aberafan
W01000885,Aberafan,Aberafan
W01000884,Aberafan,Aberafan
W01000883,Sandfields,Sandfields
W01000882,West Cross,West Cross
W01000881,West Cross,West Cross
W01000880,West Cross,West Cross
W01000879,West Cross,West Cross
W01000878,Loughor,Casllwchwr
W01000877,Loughor,Casllwchwr
W01000876,Brynmill,Brynmill
W01000875,Brynmill,Brynmill
W01000874,Uplands,Uplands
W01000873,Brynmill,Brynmill
W01000872,Uplands,Uplands
W01000871,Brynmill,Brynmill
W01000870,Uplands,Uplands
W01000869,Uplands,Uplands
W01000868,Uplands,Uplands
W01000867,Townhill,Townhill
W01000866,Townhill,Townhill
W01000865,Townhill,Townhill
W01000864,Townhill,Townhill
W01000863,Townhill,Townhill
W01000862,Townhill,Townhill
W01000861,Sketty,Sgeti
W01000860,Sketty,Sgeti
W01000859,Sketty,Sgeti
W01000858,Sketty,Sgeti
W01000857,Ty-coch,Tŷ-coch
W01000856,Ty-coch,Tŷ-coch
W01000855,Ty-coch,Tŷ-coch
W01000854,Ty-coch,Tŷ-coch
W01000853,Ty-coch,Tŷ-coch
W01000852,St Thomas,St Thomas
W01000851,St Thomas,St Thomas
W01000850,St Thomas,St Thomas
W01000849,St Thomas,St Thomas
W01000848,Pontarddulais,Pontarddulais
W01000847,Pontarddulais,Pontarddulais
W01000846,Pontarddulais,Pontarddulais
W01000845,Pontarddulais,Pontarddulais
W01000844,Gorseinon,Gorseinon
W01000843,Gorseinon,Gorseinon
W01000842,Gorseinon,Gorseinon
W01000841,Gorseinon,Gorseinon
W01000840,West Gower,Gorllewin Gŵyr
W01000839,West Gower,Gorllewin Gŵyr
W01000838,Llangyfelach & Tircoed,Llangyfelach a Thircoed
W01000837,Llangyfelach & Tircoed,Llangyfelach a Thircoed
W01000836,Penderry,Penderi
W01000835,Ravenhill,Ravenhill
W01000834,Penderry,Penderi
W01000833,Penderry,Penderi
W01000832,Penderry,Penderi
W01000831,Ravenhill,Ravenhill
W01000830,Penderry,Penderi
W01000829,Llanmorlais & Three Crosses,Llanmorlais a'r Crwys
W01000828,Llanmorlais & Three Crosses,Llanmorlais a'r Crwys
W01000827,Mumbles & Newton,Mwmbwls a Newton
W01000826,Mumbles & Newton,Mwmbwls a Newton
W01000825,Mumbles & Newton,Mwmbwls a Newton
W01000824,Mumbles & Newton,Mwmbwls a Newton
W01000823,Mumbles & Newton,Mwmbwls a Newton
W01000822,Mynydd-bach,Mynydd-bach
W01000821,Mynydd-bach,Mynydd-bach
W01000820,Mynydd-bach,Mynydd-bach
W01000819,Mynydd-bach,Mynydd-bach
W01000818,Mynydd-bach,Mynydd-bach
W01000817,Mynydd-bach,Mynydd-bach
W01000816,Morriston North,Gogledd Treforys
W01000815,Morriston North,Gogledd Treforys
W01000814,Morriston South,De Treforys
W01000813,Morriston South,De Treforys
W01000812,Morriston South,De Treforys
W01000811,Morriston South,De Treforys
W01000810,Morriston North,Gogledd Treforys
W01000809,Morriston South,De Treforys
W01000808,Morriston North,Gogledd Treforys
W01000807,Morriston North,Gogledd Treforys
W01000806,Morriston North,Gogledd Treforys
W01000805,Mayals & Bishopston,Mayals a Llandeilo Ferwallt
W01000804,Mayals & Bishopston,Mayals a Llandeilo Ferwallt
W01000803,Clydach & Mawr,Clydach a Mawr
W01000802,Loughor,Casllwchwr
W01000801,Birchgrove,Gellifedw
W01000800,Birchgrove,Gellifedw
W01000799,Llansamlet,Llansamlet
W01000798,Llansamlet,Llansamlet
W01000797,Llansamlet,Llansamlet
W01000796,Birchgrove,Gellifedw
W01000795,Birchgrove,Gellifedw
W01000794,Llansamlet,Llansamlet
W01000793,Llangyfelach & Tircoed,Llangyfelach a Thircoed
W01000792,Llangyfelach & Tircoed,Llangyfelach a Thircoed
W01000791,Llangyfelach & Tircoed,Llangyfelach a Thircoed
W01000790,Landore,Glandŵr
W01000789,Landore,Glandŵr
W01000788,Landore,Glandŵr
W01000787,Landore,Glandŵr
W01000786,Loughor,Casllwchwr
W01000785,Loughor,Casllwchwr
W01000784,Loughor,Casllwchwr
W01000782,Killay,Cilâ
W01000781,Killay,Cilâ
W01000779,Gowerton,Tregŵyr
W01000778,Gowerton,Tregŵyr
W01000777,Gowerton,Tregŵyr
W01000776,West Gower,Gorllewin Gŵyr
W01000775,West Gower,Gorllewin Gŵyr
W01000774,Gorseinon,Gorseinon
W01000773,Gorseinon,Gorseinon
W01000772,Llanmorlais & Three Crosses,Llanmorlais a'r Crwys
W01000771,Dunvant & Upper Killay,Dynfant a Chilâ Uchaf
W01000770,Dunvant & Upper Killay,Dynfant a Chilâ Uchaf
W01000769,Dunvant & Upper Killay,Dynfant a Chilâ Uchaf
W01000768,Dunvant & Upper Killay,Dynfant a Chilâ Uchaf
W01000767,Cwmbwrla,Cwmbwrla
W01000766,Cwmbwrla,Cwmbwrla
W01000765,Cwmbwrla,Cwmbwrla
W01000764,Cwmbwrla,Cwmbwrla
W01000763,Cwmbwrla,Cwmbwrla
W01000762,Ravenhill,Ravenhill
W01000761,Ravenhill,Ravenhill
W01000760,Ravenhill,Ravenhill
W01000759,Gowerton,Tregŵyr
W01000758,Cockett,Y Cocyd
W01000757,Cockett,Y Cocyd
W01000756,Cockett,Y Cocyd
W01000755,Cockett,Y Cocyd
W01000754,Clydach & Mawr,Clydach a Mawr
W01000753,Clydach & Mawr,Clydach a Mawr
W01000752,Clydach & Mawr,Clydach a Mawr
W01000751,Clydach & Mawr,Clydach a Mawr
W01000750,Clydach & Mawr,Clydach a Mawr
W01000749,Brynmill,Brynmill
W01000747,Uplands,Uplands
W01000746,Central Swansea,Canol Abertawe
W01000745,Central Swansea,Canol Abertawe
W01000744,Landore,Glandŵr
W01000742,Landore,Glandŵr
W01000741,Bon-y-maen,Bôn-y-maen
W01000740,Bon-y-maen,Bôn-y-maen
W01000739,Bon-y-maen,Bôn-y-maen
W01000738,Bon-y-maen,Bôn-y-maen
W01000737,Mayals & Bishopston,Mayals a Llandeilo Ferwallt
W01000736,Mayals & Bishopston,Mayals a Llandeilo Ferwallt
W01000735,"Whitland, Laugharne & Llansteffan","Hendy-gwyn ar Daf, Lacharn a Llansteffan"
W01000734,Llanelli South,De Llanelli
W01000733,Llanelli South,De Llanelli
W01000732,Llanelli South,De Llanelli
W01000731,Yr Hendy & Tŷ-croes,Yr Hendy a Thŷ-croes
W01000730,Cydweli & Trimsaran,Cydweli a Thrimsaran
W01000729,Cydweli & Trimsaran,Cydweli a Thrimsaran
W01000728,"Tre-lech, Cenarth & Llangeler","Tre-lech, Cenarth a Llangeler"
W01000727,Swiss Valley & Llangennech,Dyffryn y Swistir a Llangennech
W01000726,Swiss Valley & Llangennech,Dyffryn y Swistir a Llangennech
W01000725,Llandybie & Saron,Llandybïe a Saron
W01000724,Llandybie & Saron,Llandybïe a Saron
W01000723,"Llanddarog, Llangyndeyrn & Ferryside","Llanddarog, Llangyndeyrn a Glanyfferi"
W01000722,"Llanddarog, Llangyndeyrn & Ferryside","Llanddarog, Llangyndeyrn a Glanyfferi"
W01000721,"Whitland, Laugharne & Llansteffan","Hendy-gwyn ar Daf, Lacharn a Llansteffan"
W01000720,"Whitland, Laugharne & Llansteffan","Hendy-gwyn ar Daf, Lacharn a Llansteffan"
W01000719,"Brynaman, Y Garnant & Glanaman","Brynaman, Y Garnant a Glanaman"
W01000718,"Brynaman, Y Garnant & Glanaman","Brynaman, Y Garnant a Glanaman"
W01000717,Glyn & Pontyberem,Glyn a Phontyberem
W01000716,Glyn & Pontyberem,Glyn a Phontyberem
W01000715,Ammanford & Betws,Rhydaman a Betws
W01000714,Ammanford & Betws,Rhydaman a Betws
W01000713,"Llan-non, Cross Hands & Pen-y-groes","Llan-non, Cross Hands a Phen-y-groes"
W01000712,"Llan-non, Cross Hands & Pen-y-groes","Llan-non, Cross Hands a Phen-y-groes"
W01000711,Pembrey & Burry Port,Pen-bre a Phorth Tywyn
W01000710,Pembrey & Burry Port,Pen-bre a Phorth Tywyn
W01000709,"Llandeilo, Llangadog & Maenordeilo","Llandeilo, Llangadog a Maenordeilo"
W01000708,Bynea & Llwynhendy,Bynea a Llwynhendy
W01000707,Bynea & Llwynhendy,Bynea a Llwynhendy
W01000706,Bynea & Llwynhendy,Bynea a Llwynhendy
W01000705,Llanelli North,Gogledd Llanelli
W01000704,Llanelli North,Gogledd Llanelli
W01000703,Llanelli North,Gogledd Llanelli
W01000702,Llanfihangel-ar-arth & Llanybydder,Llanfihangel-ar-arth a Llanybydder
W01000701,Llanfihangel-ar-arth & Llanybydder,Llanfihangel-ar-arth a Llanybydder
W01000700,"Whitland, Laugharne & Llansteffan","Hendy-gwyn ar Daf, Lacharn a Llansteffan"
W01000699,"Llan-non, Cross Hands & Pen-y-groes","Llan-non, Cross Hands a Phen-y-groes"
W01000698,"Llan-non, Cross Hands & Pen-y-groes","Llan-non, Cross Hands a Phen-y-groes"
W01000697,"Llan-non, Cross Hands & Pen-y-groes","Llan-non, Cross Hands a Phen-y-groes"
W01000696,"Llanddarog, Llangyndeyrn & Ferryside","Llanddarog, Llangyndeyrn a Glanyfferi"
W01000695,"Llanddarog, Llangyndeyrn & Ferryside","Llanddarog, Llangyndeyrn a Glanyfferi"
W01000694,Carmarthen South & Llangynnwr,De Caerfyrddin a Llangynnwr
W01000693,Carmarthen South & Llangynnwr,De Caerfyrddin a Llangynnwr
W01000692,Swiss Valley & Llangennech,Dyffryn y Swistir a Llangennech
W01000691,Swiss Valley & Llangennech,Dyffryn y Swistir a Llangennech
W01000690,Swiss Valley & Llangennech,Dyffryn y Swistir a Llangennech
W01000689,"Tre-lech, Cenarth & Llangeler","Tre-lech, Cenarth a Llangeler"
W01000688,"Tre-lech, Cenarth & Llangeler","Tre-lech, Cenarth a Llangeler"
W01000687,"Llandeilo, Llangadog & Maenordeilo","Llandeilo, Llangadog a Maenordeilo"
W01000686,Llanfihangel-ar-arth & Llanybydder,Llanfihangel-ar-arth a Llanybydder
W01000685,Llanfihangel-ar-arth & Llanybydder,Llanfihangel-ar-arth a Llanybydder
W01000684,"Abergwili, Llanegwad & Carmel","Abergwili, Llanegwad a Charmel"
W01000683,"Abergwili, Llanegwad & Carmel","Abergwili, Llanegwad a Charmel"
W01000682,"Abergwili, Llanegwad & Carmel","Abergwili, Llanegwad a Charmel"
W01000681,Llandybie & Saron,Llandybïe a Saron
W01000680,Llandybie & Saron,Llandybïe a Saron
W01000679,"Llandovery, Cil-y-cwm & Cynwyl Gaeo","Llanymddyfri, Cil-y-cwm a Chynwyl Gaeo"
W01000678,"Llandovery, Cil-y-cwm & Cynwyl Gaeo","Llanymddyfri, Cil-y-cwm a Chynwyl Gaeo"
W01000677,"Llandeilo, Llangadog & Maenordeilo","Llandeilo, Llangadog a Maenordeilo"
W01000676,"Llandeilo, Llangadog & Maenordeilo","Llandeilo, Llangadog a Maenordeilo"
W01000675,"Llanddarog, Llangyndeyrn & Ferryside","Llanddarog, Llangyndeyrn a Glanyfferi"
W01000674,"Whitland, Laugharne & Llansteffan","Hendy-gwyn ar Daf, Lacharn a Llansteffan"
W01000673,"Whitland, Laugharne & Llansteffan","Hendy-gwyn ar Daf, Lacharn a Llansteffan"
W01000672,"Whitland, Laugharne & Llansteffan","Hendy-gwyn ar Daf, Lacharn a Llansteffan"
W01000671,Cydweli & Trimsaran,Cydweli a Thrimsaran
W01000670,Cydweli & Trimsaran,Cydweli a Thrimsaran
W01000667,Llanelli West,Gorllewin Llanelli
W01000666,Yr Hendy & Tŷ-croes,Yr Hendy a Thŷ-croes
W01000665,Yr Hendy & Tŷ-croes,Yr Hendy a Thŷ-croes
W01000664,Glyn & Pontyberem,Glyn a Phontyberem
W01000663,Glyn & Pontyberem,Glyn a Phontyberem
W01000662,Glyn & Pontyberem,Glyn a Phontyberem
W01000660,Llanelli South,De Llanelli
W01000659,Llanelli South,De Llanelli
W01000658,"Brynaman, Y Garnant & Glanaman","Brynaman, Y Garnant a Glanaman"
W01000657,"Brynaman, Y Garnant & Glanaman","Brynaman, Y Garnant a Glanaman"
W01000656,"Brynaman, Y Garnant & Glanaman","Brynaman, Y Garnant a Glanaman"
W01000655,Dafen & Felin-foel,Dafen a Felin-foel
W01000654,Llanelli West,Gorllewin Llanelli
W01000653,Llanelli West,Gorllewin Llanelli
W01000652,Dafen & Felin-foel,Dafen a Felin-foel
W01000651,Dafen & Felin-foel,Dafen a Felin-foel
W01000650,"Llandovery, Cil-y-cwm & Cynwyl Gaeo","Llanymddyfri, Cil-y-cwm a Chynwyl Gaeo"
W01000649,Carmarthen West & Cynwyl Elfed,Gorllewin Caerfyrddin a Chynwyl Elfed
W01000648,Carmarthen West & Cynwyl Elfed,Gorllewin Caerfyrddin a Chynwyl Elfed
W01000647,"Llandovery, Cil-y-cwm & Cynwyl Gaeo","Llanymddyfri, Cil-y-cwm a Chynwyl Gaeo"
W01000646,"Tre-lech, Cenarth & Llangeler","Tre-lech, Cenarth a Llangeler"
W01000645,Carmarthen West & Cynwyl Elfed,Gorllewin Caerfyrddin a Chynwyl Elfed
W01000644,Carmarthen West & Cynwyl Elfed,Gorllewin Caerfyrddin a Chynwyl Elfed
W01000643,Carmarthen West & Cynwyl Elfed,Gorllewin Caerfyrddin a Chynwyl Elfed
W01000642,Carmarthen South & Llangynnwr,De Caerfyrddin a Llangynnwr
W01000641,Carmarthen South & Llangynnwr,De Caerfyrddin a Llangynnwr
W01000640,Carmarthen North,Gogledd Caerfyrddin
W01000639,Carmarthen North,Gogledd Caerfyrddin
W01000638,Carmarthen North,Gogledd Caerfyrddin
W01000637,Carmarthen North,Gogledd Caerfyrddin
W01000636,Bynea & Llwynhendy,Bynea a Llwynhendy
W01000635,Bynea & Llwynhendy,Bynea a Llwynhendy
W01000634,Pembrey & Burry Port,Pen-bre a Phorth Tywyn
W01000633,Pembrey & Burry Port,Pen-bre a Phorth Tywyn
W01000632,Pembrey & Burry Port,Pen-bre a Phorth Tywyn
W01000631,Llanelli Bigyn,Llanelli Bigyn
W01000630,Llanelli Bigyn,Llanelli Bigyn
W01000629,Llanelli Bigyn,Llanelli Bigyn
W01000628,Llanelli Bigyn,Llanelli Bigyn
W01000627,Ammanford & Betws,Rhydaman a Betws
W01000626,Ammanford & Betws,Rhydaman a Betws
W01000625,Ammanford & Betws,Rhydaman a Betws
W01000624,"Abergwili, Llanegwad & Carmel","Abergwili, Llanegwad a Charmel"
W01000623,"Crundale, Clynderwen & Maenclochog","Crundale, Clunderwen a Maenclochog"
W01000622,"Johnston, Broad Haven & St Ishmaels","Johnston, Aber Llydan a Llanisan-yn-Rhos"
W01000621,Tenby & Caldey,Dinbych-y-pysgod ac Ynys Bŷr
W01000620,Tenby & Caldey,Dinbych-y-pysgod ac Ynys Bŷr
W01000619,Tenby & Caldey,Dinbych-y-pysgod ac Ynys Bŷr
W01000618,St Davids & Letterston,Tyddewi a Treletert
W01000617,Fishguard,Abergwaun
W01000616,Saundersfoot,Saundersfoot
W01000615,Saundersfoot,Saundersfoot
W01000614,"Johnston, Broad Haven & St Ishmaels","Johnston, Aber Llydan a Llanisan-yn-Rhos"
W01000613,Cilgerran & Crymych,Cilgerran a Chrymych
W01000612,St Davids & Letterston,Tyddewi a Treletert
W01000611,"Crundale, Clynderwen & Maenclochog","Crundale, Clunderwen a Maenclochog"
W01000610,Tenby & Caldey,Dinbych-y-pysgod ac Ynys Bŷr
W01000609,Pembroke East & Manorbier,Dwyrain Penfro a Maenorbŷr
W01000608,Pembroke West & Castlemartin,Gorllewin Penfro a Chastellmartin
W01000607,Pembroke West & Castlemartin,Gorllewin Penfro a Chastellmartin
W01000606,Pembroke West & Castlemartin,Gorllewin Penfro a Chastellmartin
W01000605,Pembroke Dock,Doc Penfro
W01000604,Pembroke Dock,Doc Penfro
W01000603,Pembroke Dock,Doc Penfro
W01000602,Pembroke Dock,Doc Penfro
W01000601,Pembroke Dock,Doc Penfro
W01000600,Pembroke Dock,Doc Penfro
W01000599,Neyland,Neyland
W01000598,Neyland,Neyland
W01000597,Fishguard,Abergwaun
W01000596,Narberth,Arberth
W01000595,Narberth,Arberth
W01000594,Milford Haven West,Gorllewin Aberdaugleddau
W01000593,Milford Haven East,Dwyrain Aberdaugleddau
W01000592,Milford Haven West,Gorllewin Aberdaugleddau
W01000591,Milford Haven West,Gorllewin Aberdaugleddau
W01000590,Milford Haven West,Gorllewin Aberdaugleddau
W01000589,Milford Haven West,Gorllewin Aberdaugleddau
W01000588,Milford Haven East,Dwyrain Aberdaugleddau
W01000587,Milford Haven East,Dwyrain Aberdaugleddau
W01000586,Haverfordwest South,De Hwlffordd
W01000585,Narberth,Arberth
W01000584,Pembroke East & Manorbier,Dwyrain Penfro a Maenorbŷr
W01000583,"Crundale, Clynderwen & Maenclochog","Crundale, Clunderwen a Maenclochog"
W01000582,"Crundale, Clynderwen & Maenclochog","Crundale, Clunderwen a Maenclochog"
W01000581,St Davids & Letterston,Tyddewi a Treletert
W01000580,Neyland,Neyland
W01000579,St Davids & Letterston,Tyddewi a Treletert
W01000578,Pembroke East & Manorbier,Dwyrain Penfro a Maenorbŷr
W01000577,Narberth,Arberth
W01000576,Saundersfoot,Saundersfoot
W01000575,"Johnston, Broad Haven & St Ishmaels","Johnston, Aber Llydan a Llanisan-yn-Rhos"
W01000574,Pembroke West & Castlemartin,Gorllewin Penfro a Chastellmartin
W01000573,Haverfordwest South,De Hwlffordd
W01000572,Haverfordwest North,Gogledd Hwlffordd
W01000571,Haverfordwest South,De Hwlffordd
W01000570,Haverfordwest North,Gogledd Hwlffordd
W01000569,Haverfordwest North,Gogledd Hwlffordd
W01000568,Haverfordwest North,Gogledd Hwlffordd
W01000567,Fishguard,Abergwaun
W01000566,Fishguard,Abergwaun
W01000565,Fishguard,Abergwaun
W01000564,Saundersfoot,Saundersfoot
W01000563,Saundersfoot,Saundersfoot
W01000562,Fishguard,Abergwaun
W01000561,Cilgerran & Crymych,Cilgerran a Chrymych
W01000560,Cilgerran & Crymych,Cilgerran a Chrymych
W01000559,Cilgerran & Crymych,Cilgerran a Chrymych
W01000558,Cilgerran & Crymych,Cilgerran a Chrymych
W01000557,Pembroke East & Manorbier,Dwyrain Penfro a Maenorbŷr
W01000556,"Johnston, Broad Haven & St Ishmaels","Johnston, Aber Llydan a Llanisan-yn-Rhos"
W01000555,"Johnston, Broad Haven & St Ishmaels","Johnston, Aber Llydan a Llanisan-yn-Rhos"
W01000554,Neyland,Neyland
W01000553,Saundersfoot,Saundersfoot
W01000552,"Rheidol, Ystwyth & Caron","Rheidol, Ystwyth a Caron"
W01000551,"Beulah, Troed-yr-aur & Llandysul","Beulah, Troed-yr-aur a Llandysul"
W01000550,"Rheidol, Ystwyth & Caron","Rheidol, Ystwyth a Caron"
W01000549,Borth & Bont-goch,Y Borth a Bont-goch
W01000548,Borth & Bont-goch,Y Borth a Bont-goch
W01000547,Cardigan & Aber-porth,Aberteifi ac Aber-porth
W01000546,Cardigan & Aber-porth,Aberteifi ac Aber-porth
W01000545,New Quay & Penbryn,Ceinewydd a Phenbryn
W01000544,New Quay & Penbryn,Ceinewydd a Phenbryn
W01000543,"Rheidol, Ystwyth & Caron","Rheidol, Ystwyth a Caron"
W01000542,"Rheidol, Ystwyth & Caron","Rheidol, Ystwyth a Caron"
W01000541,Lampeter & Llanfihangel Ystrad,Llanbedr Pont Steffan a Llanfihangel Ystrad
W01000540,Aberaeron & Llanrhystud,Aberaeron a Llanrhystud
W01000539,Aberaeron & Llanrhystud,Aberaeron a Llanrhystud
W01000538,Aberaeron & Llanrhystud,Aberaeron a Llanrhystud
W01000537,Lampeter & Llanfihangel Ystrad,Llanbedr Pont Steffan a Llanfihangel Ystrad
W01000536,"Rheidol, Ystwyth & Caron","Rheidol, Ystwyth a Caron"
W01000535,Lampeter & Llanfihangel Ystrad,Llanbedr Pont Steffan a Llanfihangel Ystrad
W01000534,"Rheidol, Ystwyth & Caron","Rheidol, Ystwyth a Caron"
W01000533,"Beulah, Troed-yr-aur & Llandysul","Beulah, Troed-yr-aur a Llandysul"
W01000532,New Quay & Penbryn,Ceinewydd a Phenbryn
W01000531,"Beulah, Troed-yr-aur & Llandysul","Beulah, Troed-yr-aur a Llandysul"
W01000529,New Quay & Penbryn,Ceinewydd a Phenbryn
W01000528,Lampeter & Llanfihangel Ystrad,Llanbedr Pont Steffan a Llanfihangel Ystrad
W01000527,Lampeter & Llanfihangel Ystrad,Llanbedr Pont Steffan a Llanfihangel Ystrad
W01000525,"Rheidol, Ystwyth & Caron","Rheidol, Ystwyth a Caron"
W01000524,Aberaeron & Llanrhystud,Aberaeron a Llanrhystud
W01000523,Borth & Bont-goch,Y Borth a Bont-goch
W01000522,"Beulah, Troed-yr-aur & Llandysul","Beulah, Troed-yr-aur a Llandysul"
W01000519,"Beulah, Troed-yr-aur & Llandysul","Beulah, Troed-yr-aur a Llandysul"
W01000518,Aberystwyth South,De Aberystwyth
W01000517,Aberystwyth North,Gogledd Aberystwyth
W01000516,Aberystwyth South,De Aberystwyth
W01000515,Aberystwyth South,De Aberystwyth
W01000513,Aberystwyth North,Gogledd Aberystwyth
W01000512,Aberystwyth North,Gogledd Aberystwyth
W01000511,Cardigan & Aber-porth,Aberteifi ac Aber-porth
W01000510,Cardigan & Aber-porth,Aberteifi ac Aber-porth
W01000509,Cardigan & Aber-porth,Aberteifi ac Aber-porth
W01000508,Cardigan & Aber-porth,Aberteifi ac Aber-porth
W01000507,Cardigan & Aber-porth,Aberteifi ac Aber-porth
W01000506,Aberaeron & Llanrhystud,Aberaeron a Llanrhystud
W01000505,Ystradgynlais & Tawe Uchaf,Ystradgynlais a Thawe Uchaf
W01000504,Ystradgynlais & Tawe Uchaf,Ystradgynlais a Thawe Uchaf
W01000503,Sennybridge & Talybont-on-Usk,Pontsenni a Thal-y-bont ar Wysg
W01000502,Ystradgynlais & Tawe Uchaf,Ystradgynlais a Thawe Uchaf
W01000501,Welshpool,Y Trallwng
W01000500,Welshpool,Y Trallwng
W01000499,Welshpool,Y Trallwng
W01000498,Welshpool,Y Trallwng
W01000497,"Montgomery, Trewern & Berriew","Trefaldwyn, Tre-wern ac Aberriw"
W01000496,Ystradgynlais & Tawe Uchaf,Ystradgynlais a Thawe Uchaf
W01000494,Hay-on-Wye & Talgarth,Y Gelli Gandryll a Thalgarth
W01000493,Brecon,Aberhonddu
W01000492,Brecon,Aberhonddu
W01000489,Brecon,Aberhonddu
W01000488,Llanfair Caereinion & Caersws,Llanfair Caereinion a Chaersŵs
W01000487,"Rhayader, Newbridge-on-Wye & Elan Valley","Rhaeadr Gwy, Y Bontnewydd-ar-Wy a Chwm Elan"
W01000486,Knighton & Presteigne,Trefyclo a Llanandras
W01000485,Knighton & Presteigne,Trefyclo a Llanandras
W01000484,Knighton & Presteigne,Trefyclo a Llanandras
W01000483,Newtown South,De-orllewin y Drenewydd
W01000482,Newtown North,Gogledd-ddwyrain y Drenewydd
W01000481,Newtown North,Gogledd-ddwyrain y Drenewydd
W01000480,Newtown North,Gogledd-ddwyrain y Drenewydd
W01000479,Newtown South,De-orllewin y Drenewydd
W01000478,Newtown South,De-orllewin y Drenewydd
W01000477,"Rhayader, Newbridge-on-Wye & Elan Valley","Rhaeadr Gwy, Y Bontnewydd-ar-Wy a Chwm Elan"
W01000476,"Montgomery, Trewern & Berriew","Trefaldwyn, Tre-wern ac Aberriw"
W01000475,Llanfyllin & Llanwyddyn,Llanfyllin a Llanwyddyn
W01000474,Sennybridge & Talybont-on-Usk,Pontsenni a Thal-y-bont ar Wysg
W01000473,Machynlleth & Banwy,Machynlleth a Banwy
W01000472,"Rhayader, Newbridge-on-Wye & Elan Valley","Rhaeadr Gwy, Y Bontnewydd-ar-Wy a Chwm Elan"
W01000471,Builth Wells & Llanwrtyd Wells,Llanfair-ym-Muallt a Llanwrtyd
W01000470,Llanfyllin & Llanwyddyn,Llanfyllin a Llanwyddyn
W01000467,"Llanidloes, Blaen Hafren & Llandinam","Llanidloes, Blaen Hafren a Llandinam"
W01000466,"Llanidloes, Blaen Hafren & Llandinam","Llanidloes, Blaen Hafren a Llandinam"
W01000465,"Crickhowell, Llangynidr & Llangorse","Crucywel, Llangynidr a Syfaddan"
W01000464,Knighton & Presteigne,Trefyclo a Llanandras
W01000461,Llanfyllin & Llanwyddyn,Llanfyllin a Llanwyddyn
W01000460,Llanfair Caereinion & Caersws,Llanfair Caereinion a Chaersŵs
W01000459,Builth Wells & Llanwrtyd Wells,Llanfair-ym-Muallt a Llanwrtyd
W01000458,Four Crosses & Guilsfield,Llandysilio a Cegidfa
W01000457,Four Crosses & Guilsfield,Llandysilio a Cegidfa
W01000456,Llandrindod Wells,Llandrindod
W01000455,Llandrindod Wells,Llandrindod
W01000454,Llandrindod Wells,Llandrindod
W01000453,"Llanidloes, Blaen Hafren & Llandinam","Llanidloes, Blaen Hafren a Llandinam"
W01000452,Machynlleth & Banwy,Machynlleth a Banwy
W01000451,"Rhayader, Newbridge-on-Wye & Elan Valley","Rhaeadr Gwy, Y Bontnewydd-ar-Wy a Chwm Elan"
W01000450,Builth Wells & Llanwrtyd Wells,Llanfair-ym-Muallt a Llanwrtyd
W01000449,Knighton & Presteigne,Trefyclo a Llanandras
W01000448,Knighton & Presteigne,Trefyclo a Llanandras
W01000447,"Abermule, Churchstoke & Kerry","Aber-miwl, Ystog a Ceri"
W01000446,Hay-on-Wye & Talgarth,Y Gelli Gandryll a Thalgarth
W01000445,Hay-on-Wye & Talgarth,Y Gelli Gandryll a Thalgarth
W01000444,Four Crosses & Guilsfield,Llandysilio a Cegidfa
W01000443,Hay-on-Wye & Talgarth,Y Gelli Gandryll a Thalgarth
W01000442,Machynlleth & Banwy,Machynlleth a Banwy
W01000441,"Montgomery, Trewern & Berriew","Trefaldwyn, Tre-wern ac Aberriw"
W01000440,Sennybridge & Talybont-on-Usk,Pontsenni a Thal-y-bont ar Wysg
W01000439,"Abermule, Churchstoke & Kerry","Aber-miwl, Ystog a Ceri"
W01000438,"Rhayader, Newbridge-on-Wye & Elan Valley","Rhaeadr Gwy, Y Bontnewydd-ar-Wy a Chwm Elan"
W01000434,"Abermule, Churchstoke & Kerry","Aber-miwl, Ystog a Ceri"
W01000433,Llanfair Caereinion & Caersws,Llanfair Caereinion a Chaersŵs
W01000432,Builth Wells & Llanwrtyd Wells,Llanfair-ym-Muallt a Llanwrtyd
W01000431,Builth Wells & Llanwrtyd Wells,Llanfair-ym-Muallt a Llanwrtyd
W01000430,Hay-on-Wye & Talgarth,Y Gelli Gandryll a Thalgarth
W01000429,"Llanidloes, Blaen Hafren & Llandinam","Llanidloes, Blaen Hafren a Llandinam"
W01000428,"Montgomery, Trewern & Berriew","Trefaldwyn, Tre-wern ac Aberriw"
W01000427,Knighton & Presteigne,Trefyclo a Llanandras
W01000426,Ystradgynlais & Tawe Uchaf,Ystradgynlais a Thawe Uchaf
W01000425,Caia Park,Parc Caia
W01000424,Hermitage & Whitegate,Hermitage a Whitegate
W01000423,Hermitage & Whitegate,Hermitage a Whitegate
W01000422,"Town North, University & Rhos-ddu","Gogledd y Dref, y Brifysgol a Rhos-ddu"
W01000420,Ruabon & Marchwiel,Rhiwabon a Marchwiel
W01000419,Ruabon & Marchwiel,Rhiwabon a Marchwiel
W01000418,"Gresford, Marford & Rossett","Gresffordd, Marford a'r Orsedd"
W01000417,"Gresford, Marford & Rossett","Gresffordd, Marford a'r Orsedd"
W01000416,Borras & Rhosnesni,Borras a Rhosnesni
W01000415,Borras & Rhosnesni,Borras a Rhosnesni
W01000414,Caia Park,Parc Caia
W01000413,Caia Park,Parc Caia
W01000412,Rhosllannerchrugog & Johnstown South,Rhosllannerchrugog a De Johnstown
W01000411,Rhosllannerchrugog & Johnstown South,Rhosllannerchrugog a De Johnstown
W01000410,Johnstown North & Rhostyllen,Gogledd Johnstown a Rhostyllen
W01000409,Cefn Mawr,Cefn-mawr
W01000408,Pen-y-cae & Minera,Pen-y-cae a Mwynglawdd
W01000407,Ruabon & Marchwiel,Rhiwabon a Marchwiel
W01000406,Pen-y-cae & Minera,Pen-y-cae a Mwynglawdd
W01000405,Rhosllannerchrugog & Johnstown South,Rhosllannerchrugog a De Johnstown
W01000404,"Bangor-on-Dee, Overton & Penley","Bangor Is-coed, Owrtyn a Llannerch Banna"
W01000403,"Bangor-on-Dee, Overton & Penley","Bangor Is-coed, Owrtyn a Llannerch Banna"
W01000402,Wrexham West,Gorllewin Wrecsam
W01000401,New Broughton & Bryn Cefn,New Broughton a Bryn Cefn
W01000400,New Broughton & Bryn Cefn,New Broughton a Bryn Cefn
W01000399,Pen-y-cae & Minera,Pen-y-cae a Mwynglawdd
W01000398,Pen-y-cae & Minera,Pen-y-cae a Mwynglawdd
W01000397,"Gresford, Marford & Rossett","Gresffordd, Marford a'r Orsedd"
W01000396,"Gresford, Marford & Rossett","Gresffordd, Marford a'r Orsedd"
W01000395,Ruabon & Marchwiel,Rhiwabon a Marchwiel
W01000394,Ruabon & Marchwiel,Rhiwabon a Marchwiel
W01000393,Acton & Maes-y-dre,Gwaunyterfyn a Maes-y-dre
W01000392,Llay South & Gwersyllt East,De Llai a Dwyrain Gwersyllt
W01000391,Llay South & Gwersyllt East,De Llai a Dwyrain Gwersyllt
W01000390,"Gresford, Marford & Rossett","Gresffordd, Marford a'r Orsedd"
W01000389,Cefn Mawr,Cefn-mawr
W01000388,"Town North, University & Rhos-ddu","Gogledd y Dref, y Brifysgol a Rhos-ddu"
W01000387,"Town North, University & Rhos-ddu","Gogledd y Dref, y Brifysgol a Rhos-ddu"
W01000386,Rhosllannerchrugog & Johnstown South,Rhosllannerchrugog a De Johnstown
W01000385,Johnstown North & Rhostyllen,Gogledd Johnstown a Rhostyllen
W01000384,"Gresford, Marford & Rossett","Gresffordd, Marford a'r Orsedd"
W01000383,"Gresford, Marford & Rossett","Gresffordd, Marford a'r Orsedd"
W01000382,Hermitage & Whitegate,Hermitage a Whitegate
W01000381,Hermitage & Whitegate,Hermitage a Whitegate
W01000380,Gwersyllt West & Summerhill,Gorllewin Gwersyllt a Brynhyfryd
W01000379,Gwersyllt West & Summerhill,Gorllewin Gwersyllt a Brynhyfryd
W01000378,Gwersyllt West & Summerhill,Gorllewin Gwersyllt a Brynhyfryd
W01000377,Gwersyllt West & Summerhill,Gorllewin Gwersyllt a Brynhyfryd
W01000376,Llay South & Gwersyllt East,De Llai a Dwyrain Gwersyllt
W01000375,Llay South & Gwersyllt East,De Llai a Dwyrain Gwersyllt
W01000374,Llay South & Gwersyllt East,De Llai a Dwyrain Gwersyllt
W01000373,New Broughton & Bryn Cefn,New Broughton a Bryn Cefn
W01000372,"Town North, University & Rhos-ddu","Gogledd y Dref, y Brifysgol a Rhos-ddu"
W01000371,"Town North, University & Rhos-ddu","Gogledd y Dref, y Brifysgol a Rhos-ddu"
W01000370,"Gresford, Marford & Rossett","Gresffordd, Marford a'r Orsedd"
W01000369,"Gresford, Marford & Rossett","Gresffordd, Marford a'r Orsedd"
W01000368,"Town North, University & Rhos-ddu","Gogledd y Dref, y Brifysgol a Rhos-ddu"
W01000367,Johnstown North & Rhostyllen,Gogledd Johnstown a Rhostyllen
W01000366,Johnstown North & Rhostyllen,Gogledd Johnstown a Rhostyllen
W01000365,Wrexham West,Gorllewin Wrecsam
W01000364,Coedpoeth & Brymbo,Coed-poeth a Brymbo
W01000363,Coedpoeth & Brymbo,Coed-poeth a Brymbo
W01000362,Coedpoeth & Brymbo,Coed-poeth a Brymbo
W01000361,Chirk & Ceiriog Valley,Y Waun a Dyffryn Ceiriog
W01000360,Chirk & Ceiriog Valley,Y Waun a Dyffryn Ceiriog
W01000359,Chirk & Ceiriog Valley,Y Waun a Dyffryn Ceiriog
W01000356,Cefn Mawr,Cefn-mawr
W01000355,Cefn Mawr,Cefn-mawr
W01000354,Cefn Mawr,Cefn-mawr
W01000353,Caia Park,Parc Caia
W01000352,Caia Park,Parc Caia
W01000351,New Broughton & Bryn Cefn,New Broughton a Bryn Cefn
W01000350,Wrexham West,Gorllewin Wrecsam
W01000349,Wrexham West,Gorllewin Wrecsam
W01000348,Coedpoeth & Brymbo,Coed-poeth a Brymbo
W01000347,Coedpoeth & Brymbo,Coed-poeth a Brymbo
W01000346,"Bangor-on-Dee, Overton & Penley","Bangor Is-coed, Owrtyn a Llannerch Banna"
W01000345,"Bangor-on-Dee, Overton & Penley","Bangor Is-coed, Owrtyn a Llannerch Banna"
W01000344,Borras & Rhosnesni,Borras a Rhosnesni
W01000343,Borras & Rhosnesni,Borras a Rhosnesni
W01000342,Acton & Maes-y-dre,Gwaunyterfyn a Maes-y-dre
W01000341,Acton & Maes-y-dre,Gwaunyterfyn a Maes-y-dre
W01000340,Mostyn & Holway,Mostyn a Holway
W01000339,"Leeswood, Treuddyn & Gwernaffield","Coed-llai, Treuddyn a'r Waun"
W01000338,"Gronant, Ffynnongroyw & Trelawnyd","Gronant, Ffynnongroyw a Threlawnyd"
W01000337,Shotton & Garden City,Shotton a Garden City
W01000336,Shotton & Garden City,Shotton a Garden City
W01000335,Shotton & Garden City,Shotton a Garden City
W01000334,Shotton & Garden City,Shotton a Garden City
W01000333,Shotton & Garden City,Shotton a Garden City
W01000332,Shotton & Garden City,Shotton a Garden City
W01000331,Broughton & Saltney,Brychdyn a Saltney
W01000330,Broughton & Saltney,Brychdyn a Saltney
W01000329,Broughton & Saltney,Brychdyn a Saltney
W01000328,Queensferry & Sandycroft,Queensferry a Sandycroft
W01000327,Pen-y-ffordd & Higher Kinnerton,Pen-y-ffordd a Higher Kinnerton
W01000326,Pen-y-ffordd & Higher Kinnerton,Pen-y-ffordd a Higher Kinnerton
W01000325,Connah's Quay South & Northop Hall,De Cei Connah a Phentre-moch
W01000324,"Buckley North, Northop & Sychdyn","Gogledd Bwcle, Llaneurgain a Sychdyn"
W01000323,"Buckley North, Northop & Sychdyn","Gogledd Bwcle, Llaneurgain a Sychdyn"
W01000322,New Brighton & Mynyddisa,New Brighton a Mynyddisa
W01000321,New Brighton & Mynyddisa,New Brighton a Mynyddisa
W01000320,Mostyn & Holway,Mostyn a Holway
W01000319,Mold,Yr Wyddgrug
W01000318,Mold,Yr Wyddgrug
W01000317,Mold,Yr Wyddgrug
W01000316,Mold,Yr Wyddgrug
W01000315,Mold,Yr Wyddgrug
W01000314,Mold,Yr Wyddgrug
W01000313,Mold,Yr Wyddgrug
W01000312,Queensferry & Sandycroft,Queensferry a Sandycroft
W01000311,Queensferry & Sandycroft,Queensferry a Sandycroft
W01000310,Hope,Yr Hôb
W01000309,"Leeswood, Treuddyn & Gwernaffield","Coed-llai, Treuddyn a'r Waun"
W01000308,Hope,Yr Hôb
W01000307,Hope,Yr Hôb
W01000306,Mostyn & Holway,Mostyn a Holway
W01000305,Holywell & Bagillt,Treffynnon a Bagillt
W01000304,Holywell & Bagillt,Treffynnon a Bagillt
W01000303,Pen-y-ffordd & Higher Kinnerton,Pen-y-ffordd a Higher Kinnerton
W01000302,Ewloe & Hawarden,Ewloe a Phenarlâg
W01000301,"Caerwys, Halkyn & Nannerch","Caerwys, Helygain a Nannerch"
W01000300,"Leeswood, Treuddyn & Gwernaffield","Coed-llai, Treuddyn a'r Waun"
W01000299,"Leeswood, Treuddyn & Gwernaffield","Coed-llai, Treuddyn a'r Waun"
W01000298,"Gronant, Ffynnongroyw & Trelawnyd","Gronant, Ffynnongroyw a Threlawnyd"
W01000297,Holywell & Bagillt,Treffynnon a Bagillt
W01000296,Holywell & Bagillt,Treffynnon a Bagillt
W01000295,Flint South West,De-orllewin y Fflint
W01000294,Flint South West,De-orllewin y Fflint
W01000293,Flint North East,Gogledd-ddwyrain y Fflint
W01000292,Flint North East,Gogledd-ddwyrain y Fflint
W01000291,Flint South West,De-orllewin y Fflint
W01000290,Flint North East,Gogledd-ddwyrain y Fflint
W01000289,Flint South West,De-orllewin y Fflint
W01000288,Flint North East,Gogledd-ddwyrain y Fflint
W01000287,"Gronant, Ffynnongroyw & Trelawnyd","Gronant, Ffynnongroyw a Threlawnyd"
W01000286,Ewloe & Hawarden,Ewloe a Phenarlâg
W01000285,Ewloe & Hawarden,Ewloe a Phenarlâg
W01000284,Ewloe & Hawarden,Ewloe a Phenarlâg
W01000283,Connah's Quay Wepre,Cei Connah Gwepra
W01000282,Connah's Quay South & Northop Hall,De Cei Connah a Phentre-moch
W01000281,Connah's Quay Wepre,Cei Connah Gwepra
W01000280,Connah's Quay South & Northop Hall,De Cei Connah a Phentre-moch
W01000279,Connah's Quay Wepre,Cei Connah Gwepra
W01000278,Connah's Quay North,Gogledd Cei Connah
W01000277,Connah's Quay Wepre,Cei Connah Gwepra
W01000276,Connah's Quay Wepre,Cei Connah Gwepra
W01000275,Connah's Quay North,Gogledd Cei Connah
W01000274,Connah's Quay North,Gogledd Cei Connah
W01000273,Connah's Quay North,Gogledd Cei Connah
W01000272,"Caerwys, Halkyn & Nannerch","Caerwys, Helygain a Nannerch"
W01000271,"Caerwys, Halkyn & Nannerch","Caerwys, Helygain a Nannerch"
W01000270,"Caerwys, Halkyn & Nannerch","Caerwys, Helygain a Nannerch"
W01000269,Hope,Yr Hôb
W01000268,Ewloe & Hawarden,Ewloe a Phenarlâg
W01000267,Buckley South,De Bwcle
W01000266,Buckley South,De Bwcle
W01000265,"Buckley North, Northop & Sychdyn","Gogledd Bwcle, Llaneurgain a Sychdyn"
W01000264,"Buckley North, Northop & Sychdyn","Gogledd Bwcle, Llaneurgain a Sychdyn"
W01000263,Buckley South,De Bwcle
W01000262,Buckley South,De Bwcle
W01000261,New Brighton & Mynyddisa,New Brighton a Mynyddisa
W01000260,Buckley South,De Bwcle
W01000259,Buckley South,De Bwcle
W01000258,"Caerwys, Halkyn & Nannerch","Caerwys, Helygain a Nannerch"
W01000257,Broughton & Saltney,Brychdyn a Saltney
W01000256,Broughton & Saltney,Brychdyn a Saltney
W01000255,Broughton & Saltney,Brychdyn a Saltney
W01000254,Holywell & Bagillt,Treffynnon a Bagillt
W01000253,Holywell & Bagillt,Treffynnon a Bagillt
W01000252,Connah's Quay South & Northop Hall,De Cei Connah a Phentre-moch
W01000251,Ewloe & Hawarden,Ewloe a Phenarlâg
W01000250,New Brighton & Mynyddisa,New Brighton a Mynyddisa
W01000249,New Brighton & Mynyddisa,New Brighton a Mynyddisa
W01000248,Dyserth & Tremeirchion,Dyserth a Thremeirchion
W01000247,St Asaph & Trefnant,Llanelwy a Threfnant
W01000246,St Asaph & Trefnant,Llanelwy a Threfnant
W01000245,St Asaph & Trefnant,Llanelwy a Threfnant
W01000244,Ruthin,Rhuthun
W01000243,Ruthin,Rhuthun
W01000242,Ruthin,Rhuthun
W01000241,Rhyl North,Gogledd y Rhyl
W01000240,Rhyl North,Gogledd y Rhyl
W01000239,Rhyl North,Gogledd y Rhyl
W01000238,Rhyl South West,De-orllewin y Rhyl
W01000237,Rhyl South West,De-orllewin y Rhyl
W01000236,Rhyl South West,De-orllewin y Rhyl
W01000235,Rhyl East,Dwyrain y Rhyl
W01000234,Rhyl East,Dwyrain y Rhyl
W01000233,Rhyl East,Dwyrain y Rhyl
W01000232,Rhyl East,Dwyrain y Rhyl
W01000231,Rhyl East,Dwyrain y Rhyl
W01000230,Rhyl East,Dwyrain y Rhyl
W01000229,Rhyl East,Dwyrain y Rhyl
W01000228,Rhyl North,Gogledd y Rhyl
W01000227,Rhyl North,Gogledd y Rhyl
W01000226,Rhyl North,Gogledd y Rhyl
W01000225,Rhuddlan & Bodelwyddan,Rhuddlan a Bodelwyddan
W01000224,Rhuddlan & Bodelwyddan,Rhuddlan a Bodelwyddan
W01000223,Rhuddlan & Bodelwyddan,Rhuddlan a Bodelwyddan
W01000222,Prestatyn South,De Prestatyn
W01000221,Prestatyn South,De Prestatyn
W01000220,Prestatyn North,Gogledd Prestatyn
W01000219,Prestatyn North,Gogledd Prestatyn
W01000218,Prestatyn North,Gogledd Prestatyn
W01000217,Dyserth & Tremeirchion,Dyserth a Thremeirchion
W01000216,Prestatyn Central & East,Canol a Dwyrain Prestatyn
W01000215,Prestatyn Central & East,Canol a Dwyrain Prestatyn
W01000214,Prestatyn Central & East,Canol a Dwyrain Prestatyn
W01000213,Prestatyn Central & East,Canol a Dwyrain Prestatyn
W01000212,Prestatyn South,De Prestatyn
W01000211,Denbigh East & Pentre Llanrhaeadr,Dwyrain Dinbych a Phentre Llanrhaeadr
W01000210,Llangollen & Llandrillo,Llangollen a Llandrillo
W01000209,Llangollen & Llandrillo,Llangollen a Llandrillo
W01000208,Llangollen & Llandrillo,Llangollen a Llandrillo
W01000207,"Corwen, Llanelidan & Efenechdyd","Corwen, Llanelidan ac Efenechdyd"
W01000206,Llandyrnog & Llanarmon-yn-Iâl,Llandyrnog a Llanarmon-yn-Iâl
W01000205,Llangollen & Llandrillo,Llangollen a Llandrillo
W01000204,Llandyrnog & Llanarmon-yn-Iâl,Llandyrnog a Llanarmon-yn-Iâl
W01000203,Llandyrnog & Llanarmon-yn-Iâl,Llandyrnog a Llanarmon-yn-Iâl
W01000202,"Corwen, Llanelidan & Efenechdyd","Corwen, Llanelidan ac Efenechdyd"
W01000201,Dyserth & Tremeirchion,Dyserth a Thremeirchion
W01000200,Dyserth & Tremeirchion,Dyserth a Thremeirchion
W01000199,Denbigh West,Gorllewin Dinbych
W01000198,Denbigh West,Gorllewin Dinbych
W01000197,Denbigh East & Pentre Llanrhaeadr,Dwyrain Dinbych a Phentre Llanrhaeadr
W01000196,Denbigh East & Pentre Llanrhaeadr,Dwyrain Dinbych a Phentre Llanrhaeadr
W01000195,Denbigh East & Pentre Llanrhaeadr,Dwyrain Dinbych a Phentre Llanrhaeadr
W01000194,Denbigh West,Gorllewin Dinbych
W01000193,"Corwen, Llanelidan & Efenechdyd","Corwen, Llanelidan ac Efenechdyd"
W01000192,Llangollen & Llandrillo,Llangollen a Llandrillo
W01000191,Rhuddlan & Bodelwyddan,Rhuddlan a Bodelwyddan
W01000190,"Betws-yn-Rhos, Llangernyw & Llansannan","Betws-yn-Rhos, Llangernyw a Llansannan"
W01000189,Llanrwst & Betws-y-coed,Llanrwst a Betws-y-coed
W01000188,Llandudno South,De Llandudno
W01000187,Llandudno South,De Llandudno
W01000186,Llandudno Town & Gogarth,Tref Llandudno a Gogarth
W01000185,Llanrwst & Betws-y-coed,Llanrwst a Betws-y-coed
W01000184,Kinmel Bay & Towyn,Bae Cinmel a Thowyn
W01000183,Upper Colwyn Bay,Bae Colwyn Uchaf
W01000182,Colwyn Bay North,Gogledd Bae Colwyn
W01000181,Upper Colwyn Bay,Bae Colwyn Uchaf
W01000180,Upper Colwyn Bay,Bae Colwyn Uchaf
W01000179,Abergele,Abergele
W01000178,Abergele,Abergele
W01000177,Llandudno Junction South & Llasanffraid Glan Conwy,De Cyffordd Llandudno a Llasanffraid Glan Conwy
W01000176,Llandudno Junction South & Llasanffraid Glan Conwy,De Cyffordd Llandudno a Llasanffraid Glan Conwy
W01000175,Penrhyn Bay,Bae Penrhyn
W01000174,Penrhyn Bay,Bae Penrhyn
W01000173,Penrhyn Bay,Bae Penrhyn
W01000172,Llanfairfechan & Penmaenmawr,Llanfairfechan a Penmaenmawr
W01000171,Llanfairfechan & Penmaenmawr,Llanfairfechan a Penmaenmawr
W01000170,Llanfairfechan & Penmaenmawr,Llanfairfechan a Penmaenmawr
W01000169,Llandudno Town & Gogarth,Tref Llandudno a Gogarth
W01000168,Llandudno South,De Llandudno
W01000167,Llandudno Junction South & Llasanffraid Glan Conwy,De Cyffordd Llandudno a Llasanffraid Glan Conwy
W01000166,Llandudno Junction North & Deganwy,Gogledd Cyffordd Llandudno a Deganwy
W01000165,Llandudno Junction North & Deganwy,Gogledd Cyffordd Llandudno a Deganwy
W01000164,Old Colwyn & Llanddulas,Hen Golwyn a Llanddulas
W01000163,Old Colwyn & Llanddulas,Hen Golwyn a Llanddulas
W01000162,"Betws-yn-Rhos, Llangernyw & Llansannan","Betws-yn-Rhos, Llangernyw a Llansannan"
W01000159,"Betws-yn-Rhos, Llangernyw & Llansannan","Betws-yn-Rhos, Llangernyw a Llansannan"
W01000158,Rhos-on-Sea,Llandrillo-yn-Rhos
W01000157,Rhos-on-Sea,Llandrillo-yn-Rhos
W01000156,Rhos-on-Sea,Llandrillo-yn-Rhos
W01000155,Rhos-on-Sea,Llandrillo-yn-Rhos
W01000154,Penrhyn Bay,Bae Penrhyn
W01000153,Old Colwyn & Llanddulas,Hen Golwyn a Llanddulas
W01000152,Kinmel Bay & Towyn,Bae Cinmel a Thowyn
W01000151,Kinmel Bay & Towyn,Bae Cinmel a Thowyn
W01000150,Kinmel Bay & Towyn,Bae Cinmel a Thowyn
W01000149,Kinmel Bay & Towyn,Bae Cinmel a Thowyn
W01000148,Llanrwst & Betws-y-coed,Llanrwst a Betws-y-coed
W01000147,Llandudno Town & Gogarth,Tref Llandudno a Gogarth
W01000146,Llandudno Town & Gogarth,Tref Llandudno a Gogarth
W01000145,Upper Colwyn Bay,Bae Colwyn Uchaf
W01000144,Colwyn Bay North,Gogledd Bae Colwyn
W01000143,Colwyn Bay North,Gogledd Bae Colwyn
W01000142,Abergele,Abergele
W01000141,Abergele,Abergele
W01000140,Abergele,Abergele
W01000139,Colwyn Bay North,Gogledd Bae Colwyn
W01000138,Upper Colwyn Bay,Bae Colwyn Uchaf
W01000137,Llanrwst & Betws-y-coed,Llanrwst a Betws-y-coed
W01000136,Llandudno Junction North & Deganwy,Gogledd Cyffordd Llandudno a Deganwy
W01000135,Llandudno Junction North & Deganwy,Gogledd Cyffordd Llandudno a Deganwy
W01000134,Llanrwst & Betws-y-coed,Llanrwst a Betws-y-coed
W01000133,Llandudno South,De Llandudno
W01000132,Llandudno Town & Gogarth,Tref Llandudno a Gogarth
W01000131,Conwy & Afon Roe,Conwy a Afon Ro
W01000130,Conwy & Afon Roe,Conwy a Afon Ro
W01000129,Conwy & Afon Roe,Conwy a Afon Ro
W01000128,Old Colwyn & Llanddulas,Hen Golwyn a Llanddulas
W01000127,Old Colwyn & Llanddulas,Hen Golwyn a Llanddulas
W01000126,Old Colwyn & Llanddulas,Hen Golwyn a Llanddulas
W01000125,Llanfairfechan & Penmaenmawr,Llanfairfechan a Penmaenmawr
W01000124,Conwy & Afon Roe,Conwy a Afon Ro
W01000123,Llanfairfechan & Penmaenmawr,Llanfairfechan a Penmaenmawr
W01000122,"Betws-yn-Rhos, Llangernyw & Llansannan","Betws-yn-Rhos, Llangernyw a Llansannan"
W01000121,Llanrwst & Betws-y-coed,Llanrwst a Betws-y-coed
W01000119,Bethel & Llanrug,Bethel a Llanrug
W01000118,Caernarfon West & Waunfawr,Gorllewin Caernarfon a Waunfawr
W01000117,Tywyn & Llangelynnin,Tywyn a Llangelynnin
W01000116,Tywyn & Llangelynnin,Tywyn a Llangelynnin
W01000115,Bethesda,Bethesda
W01000114,Blaenau Ffestiniog & Trawsfynydd,Blaenau Ffestiniog a Thrawsfynydd
W01000113,Blaenau Ffestiniog & Trawsfynydd,Blaenau Ffestiniog a Thrawsfynydd
W01000112,"Pen-y-groes, Tal-y-sarn & Dyffryn Nantlle","Pen-y-groes, Tal-y-sarn a Dyffryn Nantlle"
W01000111,Caernarfon West & Waunfawr,Gorllewin Caernarfon a Waunfawr
W01000110,Caernarfon East,Dwyrain Caernarfon
W01000109,Pwllheli & Morfa Nefyn,Pwllheli a Morfa Nefyn
W01000108,Pwllheli & Morfa Nefyn,Pwllheli a Morfa Nefyn
W01000107,Porthmadog,Porthmadog
W01000106,Porthmadog,Porthmadog
W01000105,Porthmadog,Porthmadog
W01000104,"Pen-y-groes, Tal-y-sarn & Dyffryn Nantlle","Pen-y-groes, Tal-y-sarn a Dyffryn Nantlle"
W01000103,Llanberis & Deiniolen,Llanberis a Deiniolen
W01000102,Bangor South,De Bangor
W01000101,Harlech & Llanbedr,Harlech a Llanbedr
W01000100,Porthmadog,Porthmadog
W01000099,Llanberis & Deiniolen,Llanberis a Deiniolen
W01000098,Caernarfon East,Dwyrain Caernarfon
W01000097,Bethesda,Bethesda
W01000096,Bethesda,Bethesda
W01000095,Pwllheli & Morfa Nefyn,Pwllheli a Morfa Nefyn
W01000094,Pwllheli & Morfa Nefyn,Pwllheli a Morfa Nefyn
W01000093,Caernarfon East,Dwyrain Caernarfon
W01000092,Bangor City,Dinas Bangor
W01000091,Bangor City,Dinas Bangor
W01000090,Bangor South,De Bangor
W01000089,Cricieth & Llanaelhaearn,Cricieth a Llanaelhaearn
W01000088,Caernarfon West & Waunfawr,Gorllewin Caernarfon a Waunfawr
W01000087,Bethel & Llanrug,Bethel a Llanrug
W01000086,"Pen-y-groes, Tal-y-sarn & Dyffryn Nantlle","Pen-y-groes, Tal-y-sarn a Dyffryn Nantlle"
W01000085,Tywyn & Llangelynnin,Tywyn a Llangelynnin
W01000084,Abersoch & Aberdaron,Abersoch ac Aberdaron
W01000083,Bala & Mawddwy,Y Bala a Mawddwy
W01000082,Bala & Mawddwy,Y Bala a Mawddwy
W01000081,Llanberis & Deiniolen,Llanberis a Deiniolen
W01000080,Abersoch & Aberdaron,Abersoch ac Aberdaron
W01000079,Harlech & Llanbedr,Harlech a Llanbedr
W01000078,Cricieth & Llanaelhaearn,Cricieth a Llanaelhaearn
W01000077,Bangor City,Dinas Bangor
W01000076,Bangor City,Dinas Bangor
W01000075,Bangor South,De Bangor
W01000074,Harlech & Llanbedr,Harlech a Llanbedr
W01000073,"Pen-y-groes, Tal-y-sarn & Dyffryn Nantlle","Pen-y-groes, Tal-y-sarn a Dyffryn Nantlle"
W01000072,Bangor South,De Bangor
W01000071,Bethesda,Bethesda
W01000070,Pwllheli & Morfa Nefyn,Pwllheli a Morfa Nefyn
W01000069,Harlech & Llanbedr,Harlech a Llanbedr
W01000068,Barmouth & Dolgellau,Y Bermo a Dolgellau
W01000067,Barmouth & Dolgellau,Y Bermo a Dolgellau
W01000066,Porthmadog,Porthmadog
W01000065,Blaenau Ffestiniog & Trawsfynydd,Blaenau Ffestiniog a Thrawsfynydd
W01000064,Bangor South,De Bangor
W01000063,Llanberis & Deiniolen,Llanberis a Deiniolen
W01000062,Bangor City,Dinas Bangor
W01000061,Cricieth & Llanaelhaearn,Cricieth a Llanaelhaearn
W01000060,Bala & Mawddwy,Y Bala a Mawddwy
W01000059,Caernarfon East,Dwyrain Caernarfon
W01000057,Barmouth & Dolgellau,Y Bermo a Dolgellau
W01000056,Blaenau Ffestiniog & Trawsfynydd,Blaenau Ffestiniog a Thrawsfynydd
W01000054,Caernarfon West & Waunfawr,Gorllewin Caernarfon a Waunfawr
W01000053,Bethel & Llanrug,Bethel a Llanrug
W01000052,Bethel & Llanrug,Bethel a Llanrug
W01000051,Bala & Mawddwy,Y Bala a Mawddwy
W01000050,Bethesda,Bethesda
W01000049,Barmouth & Dolgellau,Y Bermo a Dolgellau
W01000048,Barmouth & Dolgellau,Y Bermo a Dolgellau
W01000047,Cricieth & Llanaelhaearn,Cricieth a Llanaelhaearn
W01000044,Llain-goch & Valley,Llain-goch a'r Fali
W01000043,Llain-goch & Valley,Llain-goch a'r Fali
W01000042,Llanfair Pwllgwyngyll & Menai Bridge,Llanfair Pwllgwyngyll a Phorthaethwy
W01000041,Llangefni,Llangefni
W01000040,Llain-goch & Valley,Llain-goch a'r Fali
W01000039,Llain-goch & Valley,Llain-goch a'r Fali
W01000038,Newborough,Niwbwrch
W01000037,Holyhead,Caergybi
W01000036,Holyhead,Caergybi
W01000035,Beaumaris & Benllech,Biwmares a Benllech
W01000034,Llain-goch & Valley,Llain-goch a'r Fali
W01000033,Holyhead,Caergybi
W01000032,"Rhos-y-bol, Marian-glas & Moelfre","Rhos-y-bol, Marian-glas a Moelfre"
W01000031,Amlwch & Llannerch-y-medd,Amlwch a Llannerch-y-medd
W01000030,Holyhead,Caergybi
W01000029,Holyhead,Caergybi
W01000028,Amlwch & Llannerch-y-medd,Amlwch a Llannerch-y-medd
W01000027,Newborough,Niwbwrch
W01000026,Beaumaris & Benllech,Biwmares a Benllech
W01000025,Newborough,Niwbwrch
W01000024,Bodedern & Rhosneigr,Bodedern a Rhosneigr
W01000023,Bodedern & Rhosneigr,Bodedern a Rhosneigr
W01000022,Llain-goch & Valley,Llain-goch a'r Fali
W01000021,"Rhos-y-bol, Marian-glas & Moelfre","Rhos-y-bol, Marian-glas a Moelfre"
W01000020,"Rhos-y-bol, Marian-glas & Moelfre","Rhos-y-bol, Marian-glas a Moelfre"
W01000019,Beaumaris & Benllech,Biwmares a Benllech
W01000018,Amlwch & Llannerch-y-medd,Amlwch a Llannerch-y-medd
W01000017,Holyhead,Caergybi
W01000016,Holyhead,Caergybi
W01000015,Llanfair Pwllgwyngyll & Menai Bridge,Llanfair Pwllgwyngyll a Phorthaethwy
W01000014,Llangefni,Llangefni
W01000013,Beaumaris & Benllech,Biwmares a Benllech
W01000012,Llangefni,Llangefni
W01000011,Llanfair Pwllgwyngyll & Menai Bridge,Llanfair Pwllgwyngyll a Phorthaethwy
W01000010,"Rhos-y-bol, Marian-glas & Moelfre","Rhos-y-bol, Marian-glas a Moelfre"
W01000009,Bodedern & Rhosneigr,Bodedern a Rhosneigr
W01000008,Llanfair Pwllgwyngyll & Menai Bridge,Llanfair Pwllgwyngyll a Phorthaethwy
W01000007,Newborough,Niwbwrch
W01000006,Llangefni,Llangefni
W01000005,Beaumaris & Benllech,Biwmares a Benllech
W01000004,Amlwch & Llannerch-y-medd,Amlwch a Llannerch-y-medd
W01000003,Amlwch & Llannerch-y-medd,Amlwch a Llannerch-y-medd
W01000002,Bodedern & Rhosneigr,Bodedern a Rhosneigr
W01000001,Bodedern & Rhosneigr,Bodedern a Rhosneigr
